{"initial_reset_timestamp": 1639993175.0414762, "timestamps": [1639993194.2455804, 1639993208.3762147, 1639993221.840501, 1639993239.0372105, 1639993253.4273484, 1639993270.9695554, 1639993284.5395784, 1639993299.8925128, 1639993315.701735, 1639993329.267999, 1639993346.377285, 1639993364.7874157, 1639993382.88932, 1639993397.7382827, 1639993415.2176669, 1639993430.9719744, 1639993446.517872, 1639993463.0644455, 1639993478.4219239, 1639993494.1951668, 1639993513.301979, 1639993529.0702062, 1639993548.1738853, 1639993563.5153518, 1639993581.9920728, 1639993600.4523296, 1639993617.6684735, 1639993638.8683891, 1639993662.5731926, 1639993683.3918114, 1639993703.424649, 1639993720.4757605, 1639993740.4191525, 1639993761.2743335, 1639993781.4748747, 1639993804.4209335, 1639993834.2423797, 1639993852.8933501, 1639993875.743188, 1639993899.7615178, 1639993928.4577143, 1639993959.7644663, 1639993988.0218616, 1639994021.498817, 1639994049.3238873, 1639994087.5032594, 1639994119.6948764, 1639994151.204847, 1639994185.0745237, 1639994219.411866, 1639994253.3970623, 1639994295.1283236, 1639994327.5284657, 1639994378.7348497, 1639994419.136467, 1639994456.841578, 1639994504.6606574, 1639994547.1330729, 1639994613.1509418, 1639994653.4319203, 1639994700.3692818, 1639994745.28024, 1639994798.914088, 1639994855.4242408, 1639994906.8978796, 1639994956.9480853, 1639995022.6692297, 1639995083.4283113, 1639995147.0085092, 1639995203.2112622, 1639995264.9439595, 1639995327.9919875, 1639995392.279186, 1639995450.2371693, 1639995530.315691, 1639995591.674946, 1639995650.7562132, 1639995724.7233758, 1639995807.6779091, 1639995878.9033537, 1639995958.6320078, 1639996018.106721, 1639996090.1040716, 1639996157.4667702, 1639996220.8272183, 1639996306.0952528, 1639996391.81008, 1639996465.9284368, 1639996544.597368, 1639996633.5634282, 1639996710.833389, 1639996775.526777, 1639996835.3426757, 1639996893.8522255, 1639996943.4737258, 1639997021.3482354, 1639997088.27052, 1639997166.9220958, 1639997230.733984, 1639997290.34012, 1639997340.500447, 1639997398.5478058, 1639997448.2578402, 1639997505.6481075, 1639997558.8062437, 1639997607.5137162, 1639997657.4425814, 1639997708.5838346, 1639997770.7878892, 1639997834.3170228, 1639997895.165053, 1639997956.039291, 1639997997.6912222, 1639998043.7216253, 1639998090.225067, 1639998139.8622744, 1639998194.5794525, 1639998245.6676757, 1639998299.0339947, 1639998340.6765366, 1639998390.9484096, 1639998432.5354433, 1639998478.5593069, 1639998520.899494, 1639998559.9676983, 1639998602.236516, 1639998647.2281523, 1639998687.4271348, 1639998735.6792257, 1639998782.8468347, 1639998819.6426249, 1639998864.6568644, 1639998903.8944964, 1639998946.7466958, 1639998989.3320599, 1639999030.2259998, 1639999068.0008297, 1639999112.781179, 1639999154.5618908, 1639999197.0504107, 1639999243.1149695, 1639999289.3582067, 1639999333.994078, 1639999377.12238, 1639999416.8058636, 1639999466.7390883, 1639999508.8114913, 1639999561.2740226, 1639999607.1349711, 1639999647.0408669, 1639999694.124434, 1639999740.186361, 1639999782.849653, 1639999825.359418, 1639999872.2594473, 1639999918.5018897, 1639999959.6582258, 1640000001.6011817, 1640000045.8697572, 1640000095.8341663, 1640000139.1195903, 1640000184.366829, 1640000219.6438665, 1640000264.9313724, 1640000309.9288776, 1640000352.054063, 1640000391.0201452, 1640000439.3922994, 1640000480.0183308, 1640000521.330506, 1640000558.0195074, 1640000592.247207, 1640000635.1527169, 1640000673.2406757, 1640000710.3383853, 1640000752.3614354, 1640000790.4530182, 1640000833.502048, 1640000879.4710712, 1640000921.3637908, 1640000965.1851046, 1640001023.677127, 1640001085.127414, 1640001142.06039, 1640001193.4509366, 1640001244.2723835, 1640001296.326211, 1640001346.862246, 1640001385.1348174, 1640001427.2821515, 1640001469.3912745, 1640001506.9509723, 1640001544.2376542, 1640001584.6229122, 1640001625.1028879, 1640001663.7141607, 1640001705.6366546, 1640001749.3283298, 1640001792.6001081, 1640001835.567531, 1640001881.0676854, 1640001921.6911652, 1640001964.2272904, 1640002001.9316213, 1640002042.5482824, 1640002080.5675814, 1640002118.077138, 1640002159.3616335, 1640002205.2454357, 1640002243.2524772, 1640002281.6132054, 1640002323.5989776, 1640002361.6127195, 1640002399.8050697, 1640002441.8266397, 1640002481.0854778, 1640002521.0807166, 1640002562.912158, 1640002603.2681172, 1640002648.5763838, 1640002684.6161332, 1640002729.0300148, 1640002773.373423, 1640002815.5502722, 1640002853.0322948, 1640002895.4063542, 1640002933.0220895, 1640002971.8553028, 1640003008.3082588, 1640003055.7789838, 1640003099.708427, 1640003141.6715636, 1640003179.295344, 1640003223.0969234, 1640003262.642026, 1640003299.107079, 1640003336.701365, 1640003376.542885, 1640003417.4662902, 1640003455.013043, 1640003496.425016, 1640003539.075965, 1640003576.291691, 1640003613.877967, 1640003650.6584795, 1640003695.2955325, 1640003732.6917868, 1640003774.551076, 1640003814.3224533, 1640003853.078445, 1640003891.9631386, 1640003942.3706532, 1640003982.1413755, 1640004025.5827923, 1640004063.5469778, 1640004105.0834012, 1640004144.9664483, 1640004186.844679, 1640004222.3579981, 1640004273.1001706, 1640004310.212493, 1640004349.9229627, 1640004393.9044917, 1640004432.5396814, 1640004470.996154, 1640004508.7318244, 1640004553.1473193, 1640004592.2826865, 1640004638.2807043, 1640004676.810935, 1640004725.6568253, 1640004765.3783913, 1640004812.2357361, 1640004852.972018, 1640004896.155817, 1640004934.8802695, 1640004983.0679116, 1640005018.9908435, 1640005058.22781, 1640005094.8385592, 1640005130.4823542, 1640005169.872049, 1640005208.4490795, 1640005247.5981603, 1640005287.5930142, 1640005326.2863657, 1640005369.033603, 1640005408.744464, 1640005452.994307, 1640005497.0745268, 1640005535.398093, 1640005579.907633, 1640005626.2304084, 1640005666.287411, 1640005708.6946273, 1640005748.263466, 1640005783.0241218, 1640005820.4779406, 1640005854.6924963, 1640005893.8512568], "episode_lengths": [930, 899, 852, 1077, 901, 1083, 843, 952, 982, 838, 1052, 1127, 1103, 903, 1048, 936, 930, 942, 912, 926, 1129, 930, 1112, 884, 1060, 1063, 991, 1205, 1355, 1180, 1129, 960, 1112, 1149, 1112, 1247, 1511, 956, 1181, 1232, 1458, 1583, 1432, 1633, 1368, 1874, 1403, 1490, 1626, 1549, 1604, 1957, 1540, 2209, 1808, 1716, 2190, 1941, 2816, 2005, 2357, 2244, 2663, 2793, 2484, 2312, 3019, 2775, 2904, 2570, 2810, 2875, 2924, 2632, 3592, 2936, 2847, 3559, 3984, 3416, 3827, 2850, 3404, 3151, 2962, 3982, 4006, 3396, 3787, 4288, 3719, 3106, 2879, 2809, 2374, 3493, 2995, 3580, 2905, 2710, 2277, 2627, 2387, 2760, 2553, 2336, 2398, 2233, 2754, 2589, 2344, 2502, 1887, 2207, 2222, 2387, 2613, 2431, 2434, 2005, 2427, 2003, 2219, 2043, 1876, 2022, 2158, 1929, 2310, 2259, 1763, 2151, 1875, 2044, 2026, 1950, 1793, 2130, 1998, 1908, 2149, 2222, 2146, 2076, 1910, 2398, 2015, 2515, 2197, 1909, 2261, 2209, 2047, 2037, 2245, 2211, 1968, 2006, 2116, 2382, 1967, 2174, 1693, 2180, 2157, 2021, 1869, 2320, 1944, 1979, 1750, 1640, 2051, 1823, 1762, 1922, 1723, 1952, 2096, 1915, 2005, 2082, 2063, 2116, 1915, 1887, 1937, 1883, 1828, 2013, 2011, 1788, 1791, 1933, 1938, 1843, 2002, 2087, 2070, 2039, 2169, 1940, 1959, 1806, 1942, 1825, 1800, 1978, 2204, 1820, 1834, 2009, 1824, 1833, 2015, 1876, 1909, 1996, 1935, 2174, 1727, 2127, 2123, 2021, 1787, 1893, 1805, 1869, 1753, 2293, 2109, 2019, 1803, 2096, 1892, 1753, 1801, 1911, 1965, 1799, 1987, 2039, 1781, 1797, 1757, 2129, 1784, 1988, 1782, 1857, 1861, 2414, 1912, 2080, 1819, 1994, 1913, 2013, 1696, 2430, 1776, 1904, 2111, 1854, 1846, 1808, 2125, 1871, 2209, 1842, 2235, 1915, 2261, 1950, 2085, 1860, 2316, 1724, 1882, 1761, 1710, 1893, 1853, 1880, 1914, 1854, 2046, 1903, 2121, 2108, 1835, 2132, 2203, 1841, 2043, 1907, 1666, 1799, 1640, 1879],