{"initial_reset_timestamp": 1639571183.700589, "timestamps": [1639571206.776316, 1639571236.387347, 1639571263.6030562, 1639571287.404317, 1639571312.292415, 1639571333.99164, 1639571362.146837, 1639571390.43242, 1639571417.476964, 1639571442.884764, 1639571465.947617, 1639571494.0597, 1639571518.578321, 1639571544.559406, 1639571572.858449, 1639571598.1595771, 1639571621.374849, 1639571644.987286, 1639571671.1601658, 1639571700.850795], "episode_lengths": [944, 1141, 1054, 913, 947, 824, 1067, 1024, 1031, 974, 884, 1077, 945, 999, 1090, 949, 886, 902, 992, 1128], "episode_rewards": [-21.0, -20.0, -19.0, -21.0, -20.0, -21.0, -20.0, -21.0, -20.0, -21.0, -21.0, -18.0, -21.0, -20.0, -21.0, -21.0, -21.0, -20.0, -21.0, -20.0], "episode_types": ["t", "t", "t", "t", "t", "t", "t", "t", "t", "t", "t", "t", "t", "t", "t", "t", "t", "t", "t", "t"]}