{"initial_reset_timestamp": 1639575987.881087, "timestamps": [1639576010.147292, 1639576037.143661, 1639576060.592641, 1639576084.3062599, 1639576104.9521081, 1639576130.844919, 1639576154.427964, 1639576176.821035, 1639576201.103528, 1639576221.9220312, 1639576241.9307468, 1639576263.179606, 1639576285.689148, 1639576309.372564, 1639576337.094712, 1639576360.768407, 1639576386.020965, 1639576412.1025999, 1639576436.257115, 1639576461.574506, 1639576487.100472, 1639576511.631456, 1639576540.7425761, 1639576567.4854882, 1639576595.710846, 1639577531.23554, 1639577806.2809868, 1639577835.3926852, 1639577869.804163, 1639577906.425647, 1639577934.3648572, 1639577979.205392, 1639578012.504257, 1639578051.63468, 1639578085.6048589, 1639578125.363062, 1639578155.458764, 1639578191.974247, 1639578226.28249, 1639578268.224025, 1639578299.195328, 1639578346.795649, 1639578387.780967, 1639578423.672704, 1639578459.558075, 1639578504.126833, 1639578543.269193, 1639578594.49392, 1639578635.863557, 1639578684.651577, 1639578730.745811, 1639578774.616715, 1639578831.395846, 1639578890.259873, 1639578939.391878, 1639578985.297668, 1639579036.981917, 1639579093.226488, 1639579145.511038, 1639579200.156716, 1639579268.7462971, 1639579339.497456, 1639579392.9624882, 1639579469.0699708, 1639579558.075947, 1639579612.444685, 1639579689.269578, 1639579770.46238, 1639579850.5320342, 1639579940.112283, 1639580026.2423942, 1639580109.975551, 1639580184.759097, 1639580260.6670878, 1639580344.7501068, 1639580413.796252, 1639580493.6278982, 1639580572.384833, 1639580662.338512, 1639581103.476198, 1639581193.197217, 1639581266.0804338, 1639581365.426868, 1639581439.732942, 1639581544.898259, 1639581642.099383, 1639581724.702379, 1639581802.579812, 1639581896.5426948, 1639581994.6097422, 1639582084.639035, 1639582153.6355278, 1639582255.536125, 1639582356.7514088, 1639582442.895917, 1639582532.528169, 1639582628.359432, 1639582716.24484, 1639582808.857269, 1639582901.373826, 1639582993.144174, 1639583076.117724, 1639583269.116587, 1639584541.0351412, 1639585722.430083, 1639588695.788887, 1639591676.4346821, 1639595520.537106, 1639595787.81644, 1639596747.783683, 1639596836.5043368, 1639596915.473151, 1639597002.864695, 1639597074.550504, 1639597142.378339, 1639597217.484877, 1639597300.785876, 1639597372.943957, 1639598970.672302, 1639599799.4165251, 1639599872.595457, 1639599950.486722, 1639600007.3515918, 1639600072.9582138, 1639600142.702971, 1639600198.438283, 1639600254.540957, 1639600318.0670989, 1639600398.079139, 1639602876.228364, 1639602972.504669, 1639603030.5453131, 1639603095.560769, 1639603164.6422558, 1639603226.985196, 1639603289.202535, 1639603347.6564858, 1639603400.6538408, 1639603462.981468, 1639604935.504364, 1639605867.0252218, 1639605930.891686, 1639605995.654583, 1639606057.617532, 1639606118.2342038, 1639606175.5225081, 1639606245.85275, 1639606316.679244, 1639606368.519882, 1639606439.132941, 1639606500.0654202, 1639606565.68867, 1639606631.602148, 1639606692.168607, 1639606740.960348, 1639606815.568589, 1639606881.481077, 1639608294.064136, 1639610236.047408, 1639611611.7137122, 1639611669.774668, 1639611738.798285, 1639611798.558424, 1639611864.386701, 1639611920.448595, 1639611977.486783, 1639612049.580836, 1639612110.255085, 1639612160.618023, 1639612218.517041, 1639612274.052338, 1639612330.1097422, 1639612399.478016, 1639612476.0490282, 1639613542.350852, 1639615321.9380531, 1639617209.0280619, 1639619284.610111, 1639621095.071947, 1639622982.832695, 1639624864.5970602, 1639628402.1689699, 1639629480.547103, 1639631468.590095, 1639633428.876299, 1639635340.6977322, 1639635402.396933, 1639635475.9180741, 1639635538.860901, 1639635598.254048, 1639635660.130927, 1639635718.525672, 1639635765.785544, 1639635817.6111171, 1639635874.88385, 1639635932.7971551, 1639635991.243407, 1639636048.427917, 1639636104.753013, 1639636170.614337], "episode_lengths": [941, 1087, 940, 949, 824, 1033, 938, 890, 965, 824, 792, 842, 890, 942, 1095, 926, 985, 1020, 948, 996, 1002, 959, 1127, 1047, 1096, 1169, 1125, 1098, 1313, 1401, 1056, 1684, 1227, 1479, 1303, 1502, 1121, 1352, 1282, 1537, 1131, 1770, 1526, 1334, 1343, 1645, 1455, 1898, 1525, 1761, 1659, 1557, 2093, 2141, 1834, 1702, 1919, 2072, 1921, 2044, 2566, 2627, 1994, 2756, 3227, 1994, 2813, 2977, 2935, 3235, 3137, 3087, 2779, 2820, 3132, 2569, 2966, 2921, 3330, 2825, 3253, 2647, 3596, 2659, 3815, 3527, 3016, 2799, 3416, 3553, 3237, 2491, 3671, 3648, 3112, 3236, 3508, 3246, 3413, 3419, 3373, 3068, 3036, 3066, 3335, 2992, 3548, 3408, 3133, 3223, 3208, 2898, 3229, 2637, 2499, 2772, 3055, 2654, 2493, 2722, 2670, 2871, 2092, 2412, 2569, 2040, 2061, 2331, 2929, 2907, 3529, 2123, 2374, 2534, 2291, 2292, 2154, 1953, 2294, 2288, 2401, 2337, 2372, 2281, 2230, 2098, 2585, 2585, 1906, 2591, 2246, 2412, 2436, 2237, 1803, 2750, 2423, 2200, 2147, 2308, 2069, 2441, 2161, 2400, 2055, 2096, 2647, 2215, 1847, 2127, 2030, 2064, 2564, 2757, 2215, 2367, 2781, 2635, 2121, 2470, 2337, 2198, 1984, 1867, 2017, 1933, 2194, 2617, 2252, 2129, 2223, 2101, 1699, 1854, 2057, 2095, 2104, 2083, 2032, 2394], "episode_rewards": [-21.0, -19.0, -21.0, -20.0, -21.0, -19.0, -20.0, -21.0, -19.0, -21.0, -21.0, -21.0, -20.0, -21.0, -21.0, -20.0, -20.0, -20.0, -21.0, -21.0, -21.0, -21.0, -20.0, -21.0, -20.0, -20.0, -19.0, -20.0, -18.0, -18.0, -20.0, -17.0, -19.0, -17.0, -16.0, -17.0, -19.0, -18.0, -18.0, -16.0, -20.0, -16.0, -18.0, -19.0, -17.0, -18.0, -17.0, -15.0, -16.0, -15.0, -20.0, -17.0, -14.0, -13.0, -16.0, -15.0, -19.0, -18.0, -19.0, -18.0, -14.0, -14.0, -17.0, -14.0, -13.0, -16.0, -13.0, -14.0, -14.0, -9.0, -11.0, -11.0, -11.0, -8.0, -10.0, -13.0, -10.0, -12.0, -8.0, -9.0, -10.0, -12.0, -8.0, -13.0, -6.0, -7.0, -7.0, -10.0, -3.0, -7.0, -2.0, -9.0, 5.0, -6.0, -6.0, 10.0, -2.0, -6.0, 5.0, -3.0, 8.0, 8.0, -4.0, -5.0, 3.0, 12.0, 3.0, -1.0, 2.0, 5.0, 3.0, 5.0, 5.0, 8.0, 9.0, 11.0, 7.0, 7.0, 10.0, 7.0, 7.0, 4.0, 15.0, 11.0, 10.0, 17.0, 17.0, 12.0, 8.0, 7.0, 4.0, 15.0, 12.0, 15.0, 17.0, 13.0, 15.0, 17.0, 12.0, 14.0, 13.0, 15.0, -5.0, 12.0, 14.0, 17.0, 10.0, 11.0, 17.0, 12.0, 15.0, 15.0, 13.0, 15.0, 18.0, 6.0, 12.0, 15.0, 16.0, 15.0, 16.0, 12.0, 15.0, 8.0, 15.0, 14.0, 11.0, 15.0, 17.0, 17.0, 18.0, 16.0, 13.0, 12.0, 13.0, 10.0, 7.0, 11.0, 16.0, 10.0, 14.0, 13.0, 16.0, 17.0, 17.0, 18.0, 16.0, 9.0, 10.0, 14.0, 15.0, 16.0, 21.0, 19.0, 14.0, 16.0, 15.0, 14.0, 17.0, 13.0], "episode_types": ["t", "t", "t", "t", "t", "t", "t", "t", "t", "t", "t", "t", "t", "t", "t", "t", "t", "t", "t", "t", "t", "t", "t", "t", "t", "t", "t", "t", "t", "t", "t", "t", "t", "t", "t", "t", "t", "t", "t", "t", "t", "t", "t", "t", "t", "t", "t", "t", "t", "t", "t", "t", "t", "t", "t", "t", "t", "t", "t", "t", "t", "t", "t", "t", "t", "t", "t", "t", "t", "t", "t", "t", "t", "t", "t", "t", "t", "t", "t", "t", "t", "t", "t", "t", "t", "t", "t", "t", "t", "t", "t", "t", "t", "t", "t", "t", "t", "t", "t", "t", "t", "t", "t", "t", "t", "t", "t", "t", "t", "t", "t", "t", "t", "t", "t", "t", "t", "t", "t", "t", "t", "t", "t", "t", "t", "t", "t", "t", "t", "t", "t", "t", "t", "t", "t", "t", "t", "t", "t", "t", "t", "t", "t", "t", "t", "t", "t", "t", "t", "t", "t", "t", "t", "t", "t", "t", "t", "t", "t", "t", "t", "t", "t", "t", "t", "t", "t", "t", "t", "t", "t", "t", "t", "t", "t", "t", "t", "t", "t", "t", "t", "t", "t", "t", "t", "t", "t", "t", "t", "t", "t", "t", "t", "t", "t", "t", "t", "t", "t", "t"]}