{"initial_reset_timestamp": 1639915946.3907838, "timestamps": [1639915974.6367154, 1639916001.664227, 1639916024.6822448, 1639916053.4886413, 1639916074.1734986, 1639916099.2141268, 1639916127.3041995, 1639916158.0343864, 1639916193.1352525, 1639916236.6608212, 1639916300.5893075, 1639916381.3440554, 1639916439.3315868, 1639916468.2825727, 1639916490.7147205, 1639916517.1169534, 1639916545.65018, 1639916571.6893628, 1639916597.2962766, 1639916622.2873833, 1639916647.8021302, 1639916671.0341806, 1639916698.4496372, 1639916724.3572106, 1639916755.3791864, 1639916782.3758078, 1639916810.6648328, 1639916840.445715, 1639916863.0561483, 1639916889.7906148, 1639916918.6289885, 1639916951.291859, 1639916984.6965208, 1639917012.7621872, 1639917043.4672549, 1639917072.7449167, 1639917096.3282025, 1639917143.772605, 1639917172.8173065, 1639917201.5929215, 1639917227.8641088, 1639917261.763924, 1639917292.9578712, 1639917317.3954642, 1639917343.4200497, 1639917382.5563853, 1639917411.5371587, 1639917449.9301598, 1639917485.0748613, 1639917528.7546668, 1639917582.3916636, 1639917634.3079362, 1639917678.4394467, 1639917721.9299078, 1639917759.3576374, 1639917801.664159, 1639917837.8609128, 1639917877.0826783, 1639917906.067775, 1639917954.3094652, 1639917999.4416997, 1639918038.5800061, 1639918077.073794, 1639918120.9052265, 1639918169.0166016, 1639918207.2364652, 1639918252.6308088, 1639918303.3989677, 1639918353.558443, 1639918397.3576512, 1639918449.344096, 1639918504.612517, 1639918552.5383632, 1639918599.8163087, 1639918656.4654567, 1639918716.397813, 1639918769.5974667, 1639918836.7802358, 1639918902.1226304, 1639918950.3747385, 1639919014.0038111, 1639919071.8470192, 1639919125.9669006, 1639919183.6732976, 1639919252.6840434, 1639925080.4066806, 1639925165.1995254, 1639925235.2999606, 1639925295.220715, 1639925364.9267254, 1639925445.5225654, 1639925514.9722724, 1639925590.0460715, 1639925675.9001138, 1639925769.371075, 1639925849.4385107, 1639925928.740176, 1639925998.136669, 1639926092.3951588, 1639926160.5261574, 1639926256.996598, 1639926327.319279, 1639926408.5567172, 1639926503.7927046, 1639926619.7515163, 1639926728.586873, 1639926829.938295, 1639926921.274408, 1639927014.3094718, 1639927115.4328744, 1639927226.5916357, 1639927307.2957165, 1639927396.8997157, 1639927486.8646474, 1639927590.028607, 1639927688.8105605, 1639927769.4209166, 1639927863.3051915, 1639927961.58965, 1639928051.170386, 1639928138.757394, 1639928226.5817688, 1639928315.7448764, 1639928400.1717846, 1639928477.2088988, 1639928569.5835848, 1639928635.264297, 1639928738.684688, 1639928817.43222, 1639928907.115114, 1639929030.7902498, 1639929115.9985309, 1639929193.9640772, 1639929270.8076403, 1639929342.156478, 1639929430.9911685, 1639929510.4195833, 1639929607.1943707, 1639929683.3635263, 1639929751.606602, 1639929817.5387585, 1639929904.0891314, 1639929982.8947601, 1639930057.8094351, 1639930131.195434, 1639930188.9505827, 1639930249.5892909, 1639930313.7501822, 1639930409.4025106, 1639930457.4489753, 1639930523.446627, 1639930595.539239, 1639930651.4172075, 1639930742.2869163, 1639930828.7148163, 1639930918.9195247, 1639930991.9900217, 1639931064.2340288, 1639931131.404024, 1639931189.0013034, 1639931245.440777, 1639931304.9598522, 1639931363.6108844, 1639931421.0318444, 1639931481.7501903, 1639931532.1798592, 1639931584.7661207, 1639931643.3396752, 1639931703.67231, 1639931758.3680952, 1639931816.0097, 1639931872.089396, 1639931931.5610316, 1639931985.357872, 1639932037.12217, 1639932092.5327086, 1639932159.1807008, 1639932213.076372, 1639932264.8506544, 1639932316.573727, 1639932380.687187, 1639932436.596715, 1639932513.0222807, 1639932570.4487529, 1639932627.4253445, 1639932683.864203, 1639932747.0485096, 1639932807.9241102, 1639932866.9130993, 1639932923.4745855, 1639932984.1763897, 1639933057.6646838, 1639933112.2614706, 1639933159.9697585, 1639933223.7351296, 1639933284.5645707, 1639933341.4838994, 1639933400.6487336, 1639933460.1313574, 1639933518.2036657, 1639933569.4738793, 1639933618.8810246, 1639933669.994431, 1639933729.1979413, 1639933789.4195943, 1639933845.6175947, 1639933914.8636477, 1639933976.3284864, 1639934036.4331503, 1639934096.3287776, 1639934150.6044402, 1639934210.9351175, 1639934262.8016105, 1639934316.7661154, 1639934369.4638655, 1639934427.3047683, 1639934482.4790862, 1639934533.6212318, 1639934583.844586, 1639934637.551317, 1639934691.890528, 1639934742.9619188, 1639934801.0669978, 1639934849.9336965, 1639934897.87691, 1639934950.8868663, 1639935024.3937402, 1639935086.0919788, 1639935139.755327, 1639935194.8814175, 1639935242.9712303, 1639935306.2937014, 1639935362.4017973, 1639935415.8795528, 1639935474.7117422, 1639935526.5925927, 1639935593.801999, 1639935646.3183513, 1639935693.6313396, 1639935751.0315773, 1639935808.4207466, 1639935863.2541392, 1639935921.5092099, 1639935986.1395383, 1639936039.3791547, 1639936099.0867343, 1639936154.6219578, 1639936208.0222237, 1639936271.5641556, 1639936324.2068596, 1639936631.7668557, 1639936693.8516486, 1639936749.8728075, 1639936813.4012418, 1639936869.7516491, 1639936923.341908, 1639936971.168943, 1639937024.5645235, 1639937078.8948252, 1639937132.888603, 1639937187.7962024, 1639937240.050997, 1639937298.528134, 1639937350.488202, 1639937405.97285, 1639937454.7818472, 1639937522.9239347, 1639937587.3180287, 1639937642.849792, 1639937698.3369462, 1639937749.517466, 1639937806.2388277, 1639937856.3096757, 1639937920.5424044, 1639937971.8048153, 1639938031.739538, 1639938088.7382748, 1639938139.7197735, 1639938197.015609, 1639938253.965518, 1639938307.1290076, 1639938358.3892465, 1639938419.0702069, 1639938466.1772952, 1639938521.9615946, 1639938573.6241689, 1639938620.0040627, 1639938674.616204, 1639938733.916751, 1639938792.6184187, 1639938854.0419493, 1639938908.4204934, 1639938960.281645, 1639939007.9259572, 1639939068.3653977, 1639939129.7482648, 1639939181.0358305, 1639939232.7455394, 1639939279.0796885, 1639939332.6863825], "episode_lengths": [921, 1000, 852, 1067, 764, 914, 1000, 1089, 1243, 1521, 2230, 2807, 2016, 1021, 792, 932, 1008, 916, 895, 872, 934, 849, 968, 912, 1054, 919, 992, 1050, 792, 939, 1009, 1135, 1171, 979, 1072, 1021, 824, 1656, 1007, 1003, 912, 1175, 1084, 848, 900, 1327, 958, 1285, 1165, 1452, 1763, 1704, 1453, 1437, 1193, 1483, 1288, 1399, 1036, 1723, 1611, 1387, 1373, 1562, 1721, 1362, 1585, 1750, 1718, 1506, 1790, 1898, 1649, 1621, 1947, 2073, 1940, 2447, 2376, 1752, 2313, 2107, 1964, 2099, 2513, 2636, 2894, 2352, 2000, 2322, 2739, 2487, 2689, 3070, 3344, 2847, 2781, 2408, 3251, 2341, 3319, 2391, 2928, 3346, 3697, 3686, 3337, 3113, 3182, 3470, 3779, 2836, 3171, 3164, 3637, 3466, 2758, 3205, 3265, 3074, 3002, 2975, 3172, 2981, 2728, 3283, 2319, 3532, 2699, 3068, 4240, 2890, 2796, 2768, 2576, 3184, 2815, 3389, 2645, 2367, 2285, 3004, 2733, 2589, 2647, 2082, 2176, 2307, 3445, 1728, 2305, 2438, 1913, 3106, 2953, 3087, 2515, 2561, 2380, 2042, 2000, 2107, 2079, 2011, 2075, 1720, 1797, 2000, 2061, 1867, 1972, 1894, 2127, 1939, 1859, 1994, 2398, 1936, 1863, 1850, 2260, 1934, 2645, 1990, 1972, 1955, 2121, 2080, 1965, 1854, 1987, 2473, 1939, 1696, 2263, 2162, 2020, 2091, 2108, 2062, 1820, 1751, 1811, 2097, 2136, 1965, 2377, 2125, 2141, 2129, 1930, 2149, 1839, 1919, 1870, 2049, 1961, 1811, 1777, 1920, 1955, 1834, 2088, 1718, 1731, 1913, 2649, 2229, 1935, 1987, 1727, 2275, 2019, 1925, 2116, 1868, 2422, 1885, 1702, 2051, 2036, 1982, 2096, 2331, 1918, 2154, 2002, 1929, 2292, 1809, 2448, 2195, 1982, 2244, 1990, 1846, 1697, 1894, 1924, 1914, 1947, 1850, 2066, 1846, 1967, 1726, 2408, 2271, 1961, 1959, 1810, 2004, 1728, 2280, 1816, 2129, 2025, 1803, 2031, 2014, 1882, 1809, 2137, 1668, 1968, 1824, 1637, 1925, 2080, 2056, 2181, 1923, 1837, 1690, 2145, 2172, 1812, 1820, 1637, 1892],