{"initial_reset_timestamp": 1640337328.9159055, "timestamps": [1640337354.4190376, 1640337375.5710852, 1640337402.432246, 1640337428.0557785, 1640337455.4677675, 1640337494.1513631, 1640337535.8507373, 1640337583.2260163, 1640337640.711861, 1640337690.0373707, 1640337756.9498491, 1640337808.3486917, 1640337833.4114683, 1640337862.4596286, 1640337897.3316562, 1640337935.4071562, 1640337978.3744357, 1640338006.7994049, 1640338069.3981605, 1640338113.1268098, 1640338166.1222708, 1640338203.5424595, 1640338261.6121695, 1640338308.431086, 1640338396.5567348, 1640338482.0983927, 1640338556.0705273, 1640338638.7833307, 1640338716.3974042, 1640338778.249984, 1640338869.0837321, 1640338923.160052, 1640338994.0039122, 1640339044.7533321, 1640339105.0646832, 1640339169.0127695, 1640339217.144343, 1640339268.3473208, 1640339321.8168476, 1640339370.552505, 1640339423.5500183, 1640339456.9952219, 1640339481.2452052, 1640339505.4583137, 1640339541.6725209, 1640339565.2261338, 1640339595.889009, 1640339619.2700145, 1640339641.5831118, 1640339664.983394, 1640339688.509481, 1640339712.3492475, 1640339734.6931076, 1640339766.9281814, 1640339795.5488243, 1640339828.9596882, 1640339860.5480099, 1640339893.9866438, 1640339927.972179, 1640339963.7023535, 1640339996.7283237, 1640340027.6154852, 1640340062.9724855, 1640340110.6098824, 1640340152.8797011, 1640340188.5625262, 1640340240.5628624, 1640340294.5242436, 1640340345.3321435, 1640340403.0296586, 1640340465.8920398, 1640340525.1730638, 1640340592.5306125, 1640340654.156288, 1640340710.691839, 1640340771.836586, 1640340837.7706432, 1640340886.9296558, 1640340950.4722238, 1640341009.8346272, 1640341069.7412364, 1640341135.8655007, 1640341197.193724, 1640341279.9071975, 1640341350.0284178, 1640341422.0852063, 1640341486.1085007, 1640341553.7941206, 1640341624.0782256, 1640341678.5052106, 1640341746.065742, 1640341805.1706424, 1640341865.6268175, 1640341935.0145035, 1640342002.7665431, 1640342066.0761857, 1640342124.2484164, 1640342183.7920315, 1640342246.8388069, 1640342298.0337408, 1640342340.224515, 1640342394.2552652, 1640342457.0551643, 1640342510.691234, 1640342575.1468723, 1640342616.4685037, 1640342653.3659625, 1640342698.1088526, 1640342761.472178, 1640342797.4662275, 1640342837.0815735, 1640342898.428523, 1640342949.5307245, 1640342997.137572, 1640343050.5536075, 1640343095.9838803, 1640343121.3890636, 1640343157.3142018, 1640343191.3554122, 1640343225.445859, 1640343256.50643, 1640343289.133287, 1640343316.7889998, 1640343352.5998335, 1640343389.113417, 1640343432.5510619, 1640343488.962733, 1640343543.0885355, 1640343604.486051, 1640343641.0873573, 1640343675.1329968, 1640343700.6256022, 1640343734.749872, 1640343767.9611077, 1640343805.2185936, 1640343846.0292623, 1640343879.4023292, 1640343917.886841, 1640343954.6458979, 1640343988.7101636, 1640344023.6396532, 1640344065.5284877, 1640344096.1248178, 1640344141.8033922, 1640344202.54038, 1640344244.9060028, 1640344285.5514283, 1640344325.14174, 1640344373.3088925, 1640344423.3525703, 1640344469.7767022, 1640344508.0084205, 1640344556.0120246, 1640344592.8152013, 1640344628.288211, 1640344662.967296, 1640344709.1017852, 1640344749.9669027, 1640344780.0883691, 1640344824.3868911, 1640344868.929474, 1640344902.2574642, 1640344938.6300523, 1640344985.7591343, 1640345015.4521174, 1640345048.5392654, 1640345088.3282115, 1640345122.0893917, 1640345159.7391884, 1640345193.8286893, 1640345226.8579056, 1640345268.7315528, 1640345292.9039285, 1640345327.7529395, 1640345369.8941586, 1640345411.1439083, 1640345449.254104, 1640345485.528931, 1640345531.477965, 1640345565.1504588, 1640345606.9871948, 1640345648.1020095, 1640345690.4048955, 1640345738.6535714, 1640345777.6359296, 1640345835.1894033, 1640345886.8567965, 1640345919.8256366, 1640345959.8869033, 1640346000.8128414, 1640346029.5185525, 1640346063.5275083, 1640346102.9730437, 1640346146.6399646, 1640346196.2310266, 1640346239.066991, 1640346292.2085714, 1640346352.208097, 1640346393.199779, 1640346444.0665984, 1640346502.828092, 1640346535.9822297, 1640346590.4485168, 1640346632.3912745, 1640346662.0180385, 1640346687.1868339, 1640346731.0357718, 1640346773.4226885, 1640346831.32688, 1640346881.3115785, 1640346924.8033843, 1640346961.709703, 1640346997.318637, 1640347038.2895434, 1640347081.276392, 1640347122.4602535, 1640347162.3109846, 1640347216.2154338, 1640347260.7045295, 1640347302.469163, 1640347334.1601212, 1640347372.98801, 1640347404.3348367, 1640347435.9628289, 1640347469.6179385, 1640347516.9961271, 1640347560.6050465, 1640347595.738606, 1640347640.8919291, 1640347693.141316, 1640347732.982221, 1640347766.738908, 1640347794.8111594, 1640347835.4388185, 1640347875.0767536, 1640347901.6784105, 1640347928.2592123, 1640347959.7003405, 1640347987.9897187, 1640348016.7599204, 1640348044.3281097, 1640348077.3385623, 1640348114.2068558, 1640348145.8678858, 1640348185.051694, 1640348228.0859182, 1640348279.402321, 1640348324.7375233, 1640348371.9221714, 1640348405.1909602, 1640348439.5919504, 1640348469.6518216, 1640348501.3618538, 1640348538.483698, 1640348581.5572834, 1640348614.6568553, 1640348653.127882, 1640348695.3696473, 1640348738.1161666, 1640348779.2548265, 1640348817.9552069, 1640348878.3974857, 1640348924.3438728, 1640348955.3357475, 1640349005.3332472, 1640349060.4695406, 1640349104.7116258, 1640349174.746666, 1640349228.8121955, 1640349290.9395888, 1640349340.328294, 1640349395.2318394, 1640349431.075892, 1640349469.0809867, 1640349514.68093, 1640349573.155018, 1640349624.940743, 1640349673.1097121, 1640349720.850425, 1640349770.8066626, 1640349806.1551743, 1640349850.6957517, 1640349900.8534203, 1640349944.953856, 1640349989.3789275, 1640350040.0337846, 1640350098.7435768, 1640350154.9067612, 1640350234.2393832, 1640350286.1215098, 1640350348.787458, 1640350403.046998, 1640350449.3446138, 1640350501.150557, 1640350570.227922, 1640350626.7881155, 1640350677.855146, 1640350737.7790248, 1640350778.270593, 1640350821.0647616], "episode_lengths": [798, 764, 976, 920, 990, 1390, 1496, 1689, 1997, 1702, 2291, 1818, 903, 1038, 1251, 1358, 1527, 1009, 2218, 1494, 1790, 1272, 1983, 1588, 3001, 2876, 2499, 2785, 2595, 2122, 3104, 1842, 2419, 1729, 2056, 2175, 1634, 1737, 1813, 1652, 1791, 1154, 843, 838, 1195, 783, 994, 826, 783, 826, 826, 842, 783, 1133, 1006, 1173, 1106, 1179, 1191, 1256, 1162, 1086, 1250, 1678, 1488, 1255, 1825, 1894, 1785, 2024, 2205, 2042, 2431, 2214, 2028, 2188, 2318, 1721, 2231, 2078, 2102, 2321, 2144, 2900, 2464, 2474, 2245, 2375, 2462, 1905, 2363, 2071, 2117, 2431, 2377, 2222, 2036, 2085, 2212, 1803, 1434, 1893, 2204, 1880, 2260, 1440, 1291, 1564, 2211, 1255, 1387, 2145, 1793, 1667, 1874, 1591, 887, 1254, 1190, 1191, 1042, 1146, 972, 1253, 1285, 1525, 1979, 1898, 2146, 1282, 1193, 887, 1192, 1165, 1296, 1412, 1167, 1345, 1287, 1191, 1225, 1468, 1072, 1602, 2109, 1516, 1457, 1418, 1724, 1789, 1645, 1338, 1679, 1286, 1241, 1214, 1617, 1433, 1052, 1548, 1557, 1165, 1276, 1651, 1043, 1161, 1360, 1191, 1343, 1217, 1179, 1495, 860, 1241, 1496, 1443, 1332, 1269, 1605, 1181, 1467, 1436, 1479, 1686, 1363, 2016, 1807, 1155, 1402, 1394, 1029, 1236, 1423, 1580, 1783, 1491, 1857, 2094, 1424, 1777, 2056, 1162, 1908, 1470, 1030, 878, 1534, 1480, 2020, 1746, 1459, 1289, 1244, 1436, 1485, 1441, 1394, 1889, 1559, 1456, 1102, 1358, 1096, 1106, 1180, 1661, 1529, 1231, 1581, 1829, 1394, 1181, 981, 1377, 1415, 949, 949, 1123, 1007, 1028, 978, 1162, 1291, 1109, 1369, 1507, 1800, 1591, 1654, 1160, 1203, 1049, 1109, 1296, 1511, 1157, 1347, 1477, 1438, 1474, 1388, 2172, 1644, 1112, 1759, 1930, 1552, 2433, 1890, 2177, 1726, 1924, 1254, 1330, 1598, 2048, 1809, 1634, 1678, 1758, 1239, 1565, 1758, 1540, 1552, 1769, 2057, 1962, 2778, 1819, 2196, 1901, 1624, 1816, 2358, 1991, 1794, 2103, 1414, 1495],