{"initial_reset_timestamp": 1640428552.8843694, "timestamps": [1640428576.5056462, 1640428601.822589, 1640428624.736833, 1640428646.8322856, 1640428674.0864475, 1640428700.1759956, 1640428725.403426, 1640428749.4779854, 1640428778.0899663, 1640428801.066102, 1640428826.8688304, 1640428851.3906178, 1640428884.0289106, 1640428915.1686444, 1640428947.2651033, 1640428986.0775034, 1640429022.3951, 1640429050.07247, 1640429078.2448275, 1640429111.2563937, 1640429138.8771434, 1640429163.9017391, 1640429192.0274959, 1640429218.2957888, 1640429250.8739278, 1640429279.4749002, 1640429303.6469398, 1640429330.4419053, 1640429354.3097203, 1640429379.3927145, 1640429405.671913, 1640429434.174786, 1640429464.9227076, 1640429490.4210048, 1640429519.065782, 1640429549.8932436, 1640429583.295872, 1640429612.408708, 1640429646.011006, 1640429680.8418455, 1640429716.3447175, 1640429754.4439714, 1640429791.2724864, 1640429828.0531042, 1640429872.4928262, 1640429903.5477521, 1640429947.655478, 1640429982.9352353, 1640430028.9772272, 1640430065.6368332, 1640430104.7182014, 1640430145.909424, 1640430182.8075466, 1640430236.613984, 1640430286.2665246, 1640430343.5323236, 1640430406.486138, 1640430450.8228538, 1640430490.366581, 1640430550.8381557, 1640430606.571295, 1640430686.835225, 1640430740.7202008, 1640430812.9068966, 1640430866.9685624, 1640430921.3991842, 1640430989.0311177, 1640431047.6739671, 1640431141.445155, 1640431212.281431, 1640431296.263257, 1640431397.4225426, 1640431488.1723032, 1640431560.781755, 1640431647.8679342, 1640431733.8574755, 1640431819.522261, 1640431894.5225396, 1640431989.9330308, 1640432079.186087, 1640432166.3123999, 1640432253.744266, 1640432353.5236065, 1640432444.9624965, 1640432538.5369377, 1640432624.978036, 1640432717.536911, 1640432813.6725628, 1640432892.844703, 1640433002.4330485, 1640433080.1030264, 1640433173.283219, 1640433260.7051907, 1640433346.9093254, 1640433436.3222716, 1640433505.4474869, 1640433605.9294899, 1640433689.2321234, 1640433779.3059247, 1640433871.3465402, 1640433948.69002, 1640434036.3515933, 1640434106.2075062, 1640434175.2895665, 1640434233.1113868, 1640434316.8959968, 1640434396.7246063, 1640434472.6891174, 1640434574.7120287, 1640434672.400853, 1640434746.271154, 1640434829.7183018, 1640434921.1952374, 1640434972.21836, 1640435036.298331, 1640435134.9970748, 1640435220.6353776, 1640435302.4903383, 1640435384.5052338, 1640435458.545465, 1640435544.1920044, 1640435617.005818, 1640435689.4247081, 1640435762.9815998, 1640435823.0447683, 1640435897.1129665, 1640435980.130233, 1640436069.2567167, 1640436136.3596594, 1640436206.6012304, 1640436290.50541, 1640436373.7113402, 1640436449.237474, 1640436534.6854572, 1640436605.0591857, 1640436670.5351188, 1640436747.658263, 1640436831.1100788, 1640436918.191914, 1640436973.6357179, 1640437041.2216399, 1640437104.5914736, 1640437186.1970716, 1640437272.858277, 1640437344.512533, 1640437394.6296508, 1640437464.8705673, 1640437546.9051077, 1640437639.5314307, 1640437716.3676686, 1640437799.184425, 1640437877.7995172, 1640437943.5772595, 1640438007.8353002, 1640438064.6767423, 1640438126.1695676, 1640438189.298299, 1640438264.7977715, 1640438333.1071036, 1640438415.354135, 1640438489.8948772, 1640438554.1008737, 1640438623.5318801, 1640438679.7400963, 1640438757.8820105, 1640438834.5447385, 1640438914.4695003, 1640438975.484273, 1640439045.0457444, 1640439127.0833528, 1640439186.0195355, 1640439267.4852593, 1640439354.3092782, 1640439427.567427, 1640439496.95301, 1640439596.9366853, 1640439679.872483, 1640439758.4869668, 1640439834.691595, 1640439904.763346, 1640440017.6793075, 1640440082.8165438, 1640440188.2531302, 1640440254.808494, 1640440342.1540713, 1640440463.030322, 1640440548.9480438, 1640440613.965104, 1640440693.8405302, 1640440784.1889112, 1640440874.9877815, 1640440946.4454756, 1640441035.9398527, 1640441115.168349, 1640441204.6078203, 1640441278.9898298, 1640441341.6118474, 1640441413.770983, 1640441491.7082, 1640441553.041103, 1640441645.770556, 1640441702.013799, 1640441776.761413, 1640441840.5122035, 1640441907.5378442, 1640441966.6730437, 1640442024.0548208, 1640442102.661124, 1640442169.487044, 1640442236.3265712, 1640442304.9644334, 1640442358.07756, 1640442420.8920546, 1640442480.7021368, 1640442534.8930066, 1640442594.978806, 1640442663.2078867, 1640442723.2452476, 1640442802.458538, 1640442872.7384458, 1640442931.9431798, 1640443009.3802242, 1640443086.21697, 1640443161.5554206, 1640443223.0899067, 1640443288.4415565, 1640443348.723494, 1640443406.1185, 1640443469.3722196, 1640443519.7008, 1640443574.3496227, 1640443630.1724043, 1640443688.7389536, 1640443752.1651726, 1640443813.4087634, 1640443878.5156958, 1640443945.410739, 1640444024.9935782, 1640444087.1453218, 1640444150.766549, 1640444219.6444, 1640444282.0693715, 1640444331.7297268, 1640444393.6830592, 1640444450.263309, 1640444508.7072647, 1640444562.1909044, 1640444619.4324334, 1640444680.4804735, 1640444735.624335, 1640444800.892212, 1640444868.1930943, 1640444922.6592536, 1640444986.396298, 1640445048.4724731, 1640445110.261801, 1640445170.8874555, 1640445239.8746207, 1640445297.282231, 1640445367.5104756, 1640445436.151109, 1640445499.5998464, 1640445554.6968517, 1640445607.1985037, 1640445662.8579843, 1640445728.9002073, 1640445795.1719687, 1640445847.6588447, 1640445921.136, 1640445980.9419997, 1640446039.4205003, 1640446108.1217923, 1640446165.3497334, 1640446230.237265, 1640446285.1808052, 1640446338.364038, 1640446394.5225782, 1640446450.2445335, 1640446511.570088, 1640446569.1276867, 1640446624.958048, 1640446678.0880225, 1640446737.8349462, 1640446796.1672857, 1640446858.9809542, 1640446923.0408664, 1640446974.983355, 1640447034.6104693, 1640447093.1620712, 1640447148.0757835, 1640447202.932183, 1640447263.2415338, 1640447328.2035637, 1640447385.5787551, 1640447443.0367963, 1640447500.4586525, 1640447553.7382095, 1640447608.6921766, 1640447661.3076813, 1640447713.804228], "episode_lengths": [792, 903, 824, 792, 981, 930, 905, 862, 1024, 820, 916, 871, 1154, 1096, 1135, 1372, 1281, 972, 991, 1165, 976, 885, 996, 927, 1149, 1008, 854, 911, 843, 886, 930, 1009, 1092, 899, 1012, 1087, 1179, 1027, 1184, 1226, 1247, 1336, 1289, 1285, 1543, 1082, 1532, 1222, 1584, 1245, 1277, 1363, 1226, 1778, 1738, 2051, 2239, 1574, 1397, 2141, 1976, 2758, 1866, 2505, 1865, 1873, 2338, 2022, 3134, 2401, 2904, 3493, 3125, 2496, 2995, 2957, 2937, 2566, 3258, 2900, 3002, 3025, 3439, 3149, 3197, 2952, 3142, 3271, 2713, 3614, 2716, 3201, 3016, 2965, 3066, 2366, 3448, 2855, 3077, 3143, 2595, 3008, 2393, 2362, 1974, 2866, 2720, 2593, 3520, 3376, 2553, 2838, 3172, 1762, 2216, 3415, 2964, 2834, 2834, 2563, 2963, 2512, 2496, 2492, 2073, 2562, 2870, 3072, 2242, 2404, 2891, 2867, 2603, 2947, 2337, 2176, 2656, 2882, 3006, 1914, 2327, 2188, 2816, 2989, 2471, 1728, 2421, 2803, 3167, 2643, 2854, 2704, 2269, 2214, 1959, 2116, 2177, 2605, 2350, 2831, 2529, 2208, 2389, 1930, 2694, 2641, 2756, 2062, 2399, 2827, 2027, 2814, 2992, 2469, 2400, 3460, 2850, 2711, 2624, 2414, 3886, 2255, 3654, 2292, 2952, 4185, 2961, 2243, 2753, 3127, 3145, 2471, 3098, 2740, 3051, 2544, 2164, 2489, 2697, 2118, 3200, 1939, 2581, 2202, 2307, 2042, 1984, 2713, 2245, 2297, 2365, 1818, 2155, 2062, 1868, 2068, 2359, 2071, 2734, 2350, 2044, 2672, 2548, 2550, 2124, 2258, 2085, 1982, 2188, 1737, 1887, 1925, 2020, 2183, 2113, 2247, 2308, 2658, 2160, 2194, 2377, 2158, 1715, 2135, 1950, 2018, 1850, 1978, 2100, 1901, 2256, 2322, 1865, 2178, 2146, 2135, 2092, 2386, 1981, 2422, 2364, 2191, 1905, 1807, 1926, 2277, 2291, 1765, 2550, 2047, 2018, 2370, 1969, 2223, 1885, 1829, 1929, 1913, 2081, 1982, 1918, 1823, 1975, 1940, 2163, 2201, 1788, 2054, 2017, 1890, 1875, 2073, 2233, 1972, 1980, 1975, 1829, 1887, 1763, 1757],