{"initial_reset_timestamp": 1639958086.1518035, "timestamps": [1639958122.717354, 1639958150.0434012, 1639958177.0985005, 1639958199.7965872, 1639958224.7563872, 1639958246.1386137, 1639958267.485877, 1639958296.1062586, 1639958325.7301855, 1639958352.4969618, 1639958378.4093127, 1639958408.8635004, 1639958431.6637638, 1639958464.753729, 1639958487.999343, 1639958515.4182441, 1639958546.210869, 1639958571.6889882, 1639958596.6147172, 1639958625.2096515, 1639958659.8533595, 1639958686.9881535, 1639958708.6754894, 1639958736.6543977, 1639958766.3894575, 1639958796.1644843, 1639958831.0384476, 1639958874.6897945, 1639958908.1823184, 1639958942.9470127, 1639958976.6608765, 1639959008.5723708, 1639959038.0233927, 1639959071.8543124, 1639959095.7525268, 1639959132.6726043, 1639959187.2147524, 1639959221.5309184, 1639959264.5652695, 1639959309.545097, 1639959344.8617427, 1639959383.6200914, 1639959428.1297023, 1639959478.2686992, 1639959531.5057113, 1639959582.6453385, 1639959634.9277592, 1639959684.4658146, 1639959742.0803351, 1639959807.721311, 1639959867.331992, 1639959930.5684304, 1639959989.9671123, 1639960045.3068588, 1639960106.0492325, 1639960163.618444, 1639960225.1190035, 1639960286.022256, 1639960333.7519507, 1639960410.586842, 1639960476.7974975, 1639960554.1915414, 1639960618.3764055, 1639960689.162407, 1639960767.2311103, 1639960848.8351045, 1639960947.2329178, 1639961028.332404, 1639961115.1045427, 1639961183.2092984, 1639961265.1066997, 1639961350.647329, 1639961404.9391048, 1639961468.7275639, 1639961521.1219904, 1639961598.1820202, 1639961674.2675123, 1639961738.571182, 1639961791.4927726, 1639961880.2635732, 1639961956.0954127, 1639962015.7125843, 1639962068.9417562, 1639962134.0994117, 1639962221.8245506, 1639962294.7650623, 1639962386.84881, 1639962479.2871056, 1639962572.4780688, 1639962651.8396149, 1639962726.6714919, 1639962801.143767, 1639962878.7442768, 1639962946.8664718, 1639963013.9990425, 1639963076.1855385, 1639963161.3584208, 1639963229.788783, 1639963285.7885475, 1639963356.8952692, 1639963420.6300273, 1639963474.893631, 1639963535.7008471, 1639963600.8974626, 1639963663.517153, 1639963721.954562, 1639963782.4130135, 1639963856.4117, 1639963919.8945951, 1639963983.2231255, 1639964067.713115, 1639964135.4392247, 1639964198.5386982, 1639964270.2865033, 1639964331.0141337, 1639964407.6739872, 1639964468.8602235, 1639964526.2850971, 1639964596.090946, 1639964688.5823882, 1639964767.855426, 1639964840.1949694, 1639964893.210813, 1639964950.182309, 1639965012.4834142, 1639965096.1361642, 1639965196.3185964, 1639965269.211578, 1639965339.869728, 1639965408.7001262, 1639965472.3151612, 1639965539.9011092, 1639965596.4130752, 1639965675.3048987, 1639965739.9011538, 1639965799.9200075, 1639965862.0636868, 1639965920.3129873, 1639965982.5971425, 1639966052.8707767, 1639966104.770808, 1639966197.1180592, 1639966258.1710768, 1639966328.1287076, 1639966392.803797, 1639966454.9483206, 1639966530.333013, 1639966605.4550524, 1639966672.6137726, 1639966741.1720092, 1639966802.6886303, 1639966892.3918006, 1639966959.5322983, 1639967019.642827, 1639967083.5103104, 1639967148.1989248, 1639967211.1587296, 1639967291.7625697, 1639967352.0135858, 1639967411.7377017, 1639967494.155098, 1639967561.134477, 1639967666.7076428, 1639967726.4605079, 1639967778.6268709, 1639967861.787166, 1639967948.370826, 1639968030.2150557, 1639968090.249944, 1639968142.1547604, 1639968205.9430685, 1639968266.8470526, 1639968324.324029, 1639968389.7179062, 1639968463.8980367, 1639968539.789161, 1639968601.3130684, 1639968673.125708, 1639968730.7769442, 1639968779.9995334, 1639968840.8323553, 1639968895.1475103, 1639968980.2724214, 1639969052.8856075, 1639969130.7586198, 1639969198.7939386, 1639969266.76175, 1639969322.6550562, 1639969384.0072508, 1639969450.7281559, 1639969508.1747699, 1639969585.391212, 1639969658.0792549, 1639969721.7597094, 1639969803.3884692, 1639969874.7279468, 1639969940.2189145, 1639970010.7655454, 1639970062.8886986, 1639970122.891111, 1639970206.7189891, 1639970274.3434057, 1639970327.0674753, 1639970387.9288073, 1639970443.026116, 1639970495.8780575, 1639970559.898818, 1639970627.2062297, 1639970705.181599, 1639970775.4933498, 1639970835.1127644, 1639970898.7006729, 1639970965.0442042, 1639971023.6486661, 1639971106.903093, 1639971198.538377, 1639971267.0692437, 1639971335.8040318, 1639971391.736074, 1639971471.1363833, 1639971558.522608, 1639971637.4589891, 1639971700.9629922, 1639971755.2395337, 1639971829.5515287, 1639971899.3148031, 1639971966.1390193, 1639972030.9183269, 1639972110.0261197, 1639972168.5073884, 1639972242.598951, 1639972305.99353, 1639972379.332911, 1639972442.841961, 1639972500.528818, 1639972567.525963, 1639972622.6193368, 1639972681.9903774, 1639972735.6950696, 1639972804.9316149, 1639972872.027041, 1639972934.28504, 1639972998.877507, 1639973084.5845392, 1639973153.375549, 1639973223.386985, 1639973284.9446428, 1639973365.3530653, 1639973434.4136145, 1639973494.5863335, 1639973564.2113602, 1639973622.8061626, 1639973678.2133956, 1639973739.6672223, 1639973799.731383, 1639973857.0448365, 1639973913.574454, 1639973980.3397408, 1639974048.518922, 1639974095.7412617, 1639974150.3831215, 1639974202.2585814, 1639974253.9949613, 1639974301.0896497, 1639974365.8021002, 1639974423.4188771, 1639974516.7011783, 1639974574.3686523, 1639974630.1113784, 1639974680.864669, 1639974728.3920977, 1639974801.0335739, 1639974873.205218, 1639974930.536526, 1639974991.8025746, 1639975042.5885062, 1639975101.883179, 1639975157.513199, 1639975223.953405, 1639975278.5304148, 1639975336.4909382, 1639975390.3021197, 1639975440.281451, 1639975495.1287715, 1639975554.5911803, 1639975615.9967966, 1639975673.7112947, 1639975734.0788898, 1639975798.9540398, 1639975852.9652522, 1639975907.8840818, 1639975956.27007, 1639976005.7137084, 1639976058.2379, 1639976108.4750574, 1639976159.0746362, 1639976221.3900692, 1639976280.9362912, 1639976348.1036582, 1639976398.1735208], "episode_lengths": [1206, 976, 960, 812, 887, 764, 764, 1024, 1058, 945, 920, 1073, 811, 1176, 826, 973, 1095, 905, 886, 1014, 1229, 960, 764, 987, 1052, 1050, 1229, 1536, 1182, 1225, 1189, 1124, 1030, 1188, 840, 1282, 1813, 1162, 1444, 1497, 1232, 1346, 1545, 1738, 1841, 1751, 1785, 1698, 1972, 2248, 2043, 2157, 2040, 1895, 2083, 1975, 2063, 2175, 1694, 2724, 2360, 2747, 2281, 2508, 2777, 2866, 3386, 2772, 2956, 2349, 2918, 3041, 1916, 2257, 1852, 2732, 2693, 2221, 1792, 3017, 2569, 2019, 1751, 2302, 3109, 2581, 3257, 3262, 3288, 2767, 2549, 2545, 2650, 2322, 2311, 2204, 3008, 2411, 1947, 2480, 2214, 1891, 2114, 2234, 2136, 1996, 2062, 2524, 2176, 2248, 3006, 2396, 2226, 2527, 2136, 2691, 2103, 1961, 2389, 3158, 2708, 2492, 1877, 2022, 2212, 2974, 3554, 2570, 2473, 2406, 2222, 2362, 1973, 2754, 2241, 2133, 2218, 2073, 2211, 2488, 1836, 3261, 2138, 2443, 2254, 2175, 2619, 2573, 2323, 2437, 2187, 3181, 2366, 2114, 2221, 2211, 2151, 2764, 2062, 2055, 2835, 2283, 3755, 2109, 1841, 2931, 3038, 2866, 2052, 1779, 2186, 2091, 1967, 2245, 2525, 2705, 2189, 2546, 2041, 1737, 2130, 1906, 2941, 2489, 2670, 2337, 2327, 1918, 2090, 2372, 2038, 2726, 2567, 2245, 2875, 2460, 2247, 2419, 1786, 2060, 2869, 2273, 1876, 2157, 1948, 1868, 2254, 2374, 2737, 2461, 2087, 2222, 2326, 2060, 2913, 3165, 2435, 2439, 1970, 2800, 3071, 2766, 2186, 1867, 2553, 2399, 2299, 2232, 2374, 2028, 2595, 2220, 2566, 2216, 2015, 2344, 1924, 2077, 1881, 2417, 2352, 2179, 2186, 2961, 2460, 2505, 2204, 2869, 2435, 2109, 2439, 2048, 1937, 2149, 2099, 2004, 1969, 2324, 2473, 1705, 1975, 1865, 1861, 1690, 2277, 2010, 3234, 2011, 1945, 1772, 1654, 2537, 2483, 2076, 2219, 1845, 2153, 2012, 2393, 1902, 2018, 1872, 1741, 1913, 2081, 2148, 2018, 2105, 2258, 1959, 2000, 1762, 1800, 1903, 1746, 1766, 2175, 2088, 2350, 1751],