{"initial_reset_timestamp": 1639879790.7329068, "timestamps": [1639879822.2005658, 1639879843.3123562, 1639879873.2233782, 1639879896.5826883, 1639879919.729717, 1639879940.855246, 1639879965.6815815, 1639879990.2029133, 1639880013.216323, 1639880036.8696024, 1639880061.540422, 1639880083.0778904, 1639880108.5427577, 1639880135.451882, 1639880170.523261, 1639880196.5166698, 1639880221.9619138, 1639880243.1366432, 1639880270.4104743, 1639880295.8177054, 1639880317.1431549, 1639880340.1227226, 1639880364.5383067, 1639880394.8736002, 1639880423.1744244, 1639880447.7785506, 1639880470.9667985, 1639880504.2730188, 1639880536.6354318, 1639880564.7340062, 1639880592.4580579, 1639880621.3691375, 1639880649.949518, 1639880675.6430135, 1639880699.3234043, 1639880723.6608973, 1639880754.4660017, 1639880780.8471937, 1639880805.5960212, 1639880833.690544, 1639880860.4045289, 1639880888.615864, 1639880922.4233077, 1639880953.2398682, 1639880980.8083797, 1639881007.8316824, 1639881040.341136, 1639881065.0800178, 1639881096.8805356, 1639881138.4678185, 1639881165.8040805, 1639881192.332589, 1639881225.2807105, 1639881260.2970793, 1639881292.940654, 1639881327.7386012, 1639881361.8365977, 1639881398.3467295, 1639881429.4186687, 1639881467.6865366, 1639881498.2561474, 1639881526.1365883, 1639881553.9192367, 1639881590.4325566, 1639881620.2006032, 1639881644.6268978, 1639881670.0016186, 1639881698.3004973, 1639881721.814576, 1639881747.3887167, 1639881774.5656137, 1639881804.035419, 1639881827.593666, 1639881855.3650982, 1639881878.8217888, 1639881907.1862488, 1639881931.8031268, 1639881960.6851387, 1639881983.7982001, 1639882016.8530526, 1639882045.758929, 1639882081.6458526, 1639882110.3781059, 1639882139.2888255, 1639882169.6753325, 1639882198.2737138, 1639882228.6800587, 1639882257.9895482, 1639882288.915353, 1639882311.6719902, 1639882339.5968487, 1639882367.4284577, 1639882391.0324304, 1639882419.6559637, 1639882449.2903721, 1639882475.4262688, 1639882499.9748788, 1639882531.5085196, 1639882557.9233224, 1639882581.519017, 1639882608.444804, 1639882635.044836, 1639882659.2065468, 1639882682.718284, 1639882714.453215, 1639882739.048187, 1639882766.3865552, 1639882789.3109527, 1639882814.5017107, 1639882839.1588433, 1639882863.8663766, 1639882887.2683263, 1639882915.9717884, 1639882954.6594896, 1639882992.0311604, 1639883016.0599518, 1639883044.4801085, 1639883067.8999174, 1639883099.7433743, 1639883128.9090507, 1639883155.1752665, 1639883183.0709176, 1639883209.9462833, 1639883238.4311736, 1639883267.368837, 1639883297.6673272, 1639883319.530822, 1639883355.7806907, 1639883388.012677, 1639883417.1342564, 1639883441.6453836, 1639883472.0130699, 1639883502.6751778, 1639883525.0282965, 1639883557.9072351, 1639883584.4994211, 1639883616.2375042, 1639883656.926013, 1639883688.249312, 1639883724.8342547, 1639883757.5809455, 1639883789.7920332, 1639883817.473348, 1639883843.6153471, 1639883877.52646, 1639883908.8805916, 1639883930.7559373, 1639883958.6784046, 1639883990.246369, 1639912347.7581518, 1639912387.3465471, 1639912417.9540684, 1639912461.591649, 1639912492.1143909, 1639912524.8753994, 1639912560.6226401, 1639912600.278682, 1639912635.0721257, 1639912678.0040169, 1639912718.4921832, 1639912761.8595648, 1639912805.1525517, 1639912842.685564, 1639912897.4311492, 1639912943.5807762, 1639912981.6602752, 1639913018.5364227, 1639913060.5165744, 1639913095.6066358, 1639913133.3456354, 1639913180.1681793, 1639913215.5958931, 1639913258.088049, 1639913297.9615915, 1639913337.0784147, 1639913384.1208403, 1639913443.3609073, 1639913492.1243973, 1639913526.9760356, 1639913565.2489545, 1639913610.0634227, 1639913657.9801419, 1639913707.5477216, 1639913744.7203927, 1639913783.3377008, 1639913822.5836234, 1639913886.2763348, 1639913933.5608556, 1639913994.1945286, 1639914045.2236044, 1639914087.989121, 1639914137.0515797, 1639914202.5651913, 1639914248.399405, 1639914288.932562, 1639914327.27525, 1639914360.64794, 1639914392.795323, 1639914434.9340258, 1639914470.5483859], "episode_lengths": [1027, 764, 1068, 854, 854, 783, 903, 900, 824, 843, 880, 764, 884, 932, 1212, 899, 886, 783, 1007, 912, 764, 824, 870, 1085, 1009, 875, 824, 1185, 1150, 991, 974, 977, 981, 882, 813, 826, 1051, 898, 854, 963, 917, 965, 1137, 1059, 939, 919, 1110, 842, 1080, 1409, 915, 878, 1101, 1147, 1081, 1133, 1091, 1223, 1020, 1284, 1018, 898, 931, 1199, 945, 852, 906, 1012, 838, 914, 972, 1051, 839, 994, 838, 1014, 879, 1036, 826, 1179, 1034, 1216, 989, 1010, 1081, 1000, 1073, 1037, 1106, 812, 996, 997, 843, 1018, 1058, 933, 879, 1106, 919, 840, 964, 952, 866, 842, 1137, 880, 978, 820, 902, 884, 884, 837, 1027, 1387, 1186, 850, 1015, 838, 1138, 1044, 939, 999, 961, 1020, 1037, 1084, 783, 1297, 1155, 1036, 871, 1052, 1104, 802, 1184, 951, 1144, 1460, 1129, 1318, 1177, 1157, 996, 940, 1220, 1128, 783, 1002, 1132, 1472, 1377, 1070, 1551, 1085, 1105, 1214, 1398, 1225, 1466, 1338, 1443, 1394, 1206, 1788, 1516, 1273, 1203, 1396, 1162, 1202, 1364, 1071, 1389, 1324, 1282, 1528, 1958, 1545, 1054, 1338, 1556, 1660, 1709, 1283, 1375, 1354, 2216, 1625, 2107, 1796, 1455, 1705, 2316, 1635, 1450, 1370, 1190, 1146, 1469, 1251], "episode_rewards": [-19.0, -21.0, -20.0, -21.0, -21.0, -21.0, -21.0, -21.0, -21.0, -20.0, -21.0, -21.0, -21.0, -20.0, -20.0, -20.0, -21.0, -21.0, -20.0, -21.0, -21.0, -21.0, -20.0, -21.0, -21.0, -21.0, -21.0, -19.0, -20.0, -20.0, -21.0, -20.0, -20.0, -21.0, -21.0, -21.0, -21.0, -20.0, -21.0, -20.0, -20.0, -20.0, -20.0, -20.0, -19.0, -20.0, -19.0, -21.0, -19.0, -16.0, -21.0, -20.0, -18.0, -19.0, -19.0, -19.0, -17.0, -17.0, -20.0, -17.0, -19.0, -20.0, -20.0, -19.0, -20.0, -21.0, -20.0, -20.0, -20.0, -20.0, -19.0, -20.0, -21.0, -18.0, -20.0, -19.0, -20.0, -18.0, -21.0, -16.0, -20.0, -17.0, -21.0, -20.0, -19.0, -20.0, -20.0, -18.0, -18.0, -21.0, -19.0, -19.0, -21.0, -19.0, -19.0, -21.0, -20.0, -18.0, -21.0, -21.0, -20.0, -20.0, -20.0, -20.0, -17.0, -20.0, -21.0, -21.0, -20.0, -20.0, -21.0, -20.0, -19.0, -15.0, -17.0, -21.0, -20.0, -20.0, -19.0, -18.0, -19.0, -20.0, -21.0, -20.0, -19.0, -19.0, -21.0, -18.0, -18.0, -20.0, -20.0, -19.0, -18.0, -21.0, -18.0, -20.0, -19.0, -15.0, -20.0, -16.0, -19.0, -19.0, -19.0, -19.0, -20.0, -19.0, -21.0, -19.0, -18.0, -17.0, -18.0, -20.0, -14.0, -18.0, -20.0, -18.0, -18.0, -18.0, -16.0, -18.0, -16.0, -18.0, -18.0, -17.0, -19.0, -17.0, -18.0, -18.0, -18.0, -17.0, -19.0, -19.0, -18.0, -20.0, -20.0, -15.0, -13.0, -16.0, -19.0, -18.0, -15.0, -18.0, -14.0, -18.0, -19.0, -19.0, -10.0, -15.0, -11.0, -15.0, -16.0, -15.0, -8.0, -16.0, -16.0, -18.0, -18.0, -18.0, -16.0, -17.0], "episode_types": ["t", "t", "t", "t", "t", "t", "t", "t", "t", "t", "t", "t", "t", "t", "t", "t", "t", "t", "t", "t", "t", "t", "t", "t", "t", "t", "t", "t", "t", "t", "t", "t", "t", "t", "t", "t", "t", "t", "t", "t", "t", "t", "t", "t", "t", "t", "t", "t", "t", "t", "t", "t", "t", "t", "t", "t", "t", "t", "t", "t", "t", "t", "t", "t", "t", "t", "t", "t", "t", "t", "t", "t", "t", "t", "t", "t", "t", "t", "t", "t", "t", "t", "t", "t", "t", "t", "t", "t", "t", "t", "t", "t", "t", "t", "t", "t", "t", "t", "t", "t", "t", "t", "t", "t", "t", "t", "t", "t", "t", "t", "t", "t", "t", "t", "t", "t", "t", "t", "t", "t", "t", "t", "t", "t", "t", "t", "t", "t", "t", "t", "t", "t", "t", "t", "t", "t", "t", "t", "t", "t", "t", "t", "t", "t", "t", "t", "t", "t", "t", "t", "t", "t", "t", "t", "t", "t", "t", "t", "t", "t", "t", "t", "t", "t", "t", "t", "t", "t", "t", "t", "t", "t", "t", "t", "t", "t", "t", "t", "t", "t", "t", "t", "t", "t", "t", "t", "t", "t", "t", "t", "t", "t", "t", "t", "t", "t", "t", "t", "t", "t"]}