{"initial_reset_timestamp": 1640653753.18229, "timestamps": [1640653784.8400524, 1640653816.4220755, 1640653841.3865476, 1640653862.7605648, 1640653886.4093432, 1640653912.342356, 1640653935.9446428, 1640653960.6025462, 1640653990.034873, 1640654017.4300642, 1640654041.0341213, 1640654065.8311853, 1640654089.0134325, 1640654111.463639, 1640654139.527391, 1640654163.6092367, 1640654200.4472308, 1640654226.1683285, 1640654251.5893536, 1640654279.544863, 1640654308.085671, 1640654342.3062468, 1640654366.4466057, 1640654389.6905844, 1640654411.5195827, 1640654437.6144743, 1640654467.7682025, 1640654495.6347272, 1640654527.169613, 1640654553.8245564, 1640654583.5840027, 1640654613.9299378, 1640654642.9230666, 1640654677.6530993, 1640654718.3826485, 1640654749.6099503, 1640654786.5795507, 1640654832.3028595, 1640654866.809953, 1640654908.8337216, 1640654950.356509, 1640654990.6806498, 1640655026.7125266, 1640655061.6083193, 1640655097.517257, 1640655139.8764853, 1640655178.6129463, 1640655211.8130803, 1640655246.2297149, 1640655282.6668243, 1640655324.7653804, 1640655370.316712, 1640655411.5639012, 1640655446.1985674, 1640655494.2688372, 1640655538.7569492, 1640655590.553556, 1640655630.0476325, 1640655687.8238592, 1640655738.6745677, 1640655786.5426626, 1640655826.0920339, 1640655870.4877958, 1640655927.6923044, 1640655979.064406, 1640656059.5713766, 1640656129.115521, 1640656207.7894886, 1640656269.5566297, 1640656360.1276348, 1640656420.3034785, 1640656493.6703715, 1640656584.152232, 1640656670.0615976, 1640656741.66811, 1640656817.2509818, 1640656902.3217492, 1640656972.6326723, 1640657059.346602, 1640657135.2131715, 1640657211.9297736, 1640657295.2544932, 1640657376.4706674, 1640657454.3255694, 1640657531.2666388, 1640657593.0012426, 1640657664.8593566, 1640657749.415532, 1640657831.209015, 1640657925.677308, 1640657996.2448964, 1640658083.7621934, 1640658189.2099557, 1640658285.5463483, 1640658369.6371596, 1640658460.7923927, 1640658545.8283, 1640658638.5538912, 1640658739.7873354, 1640658847.4955618, 1640658941.932867, 1640659021.4729886, 1640659122.9425747, 1640659213.6212542, 1640659309.3184662, 1640659389.754536, 1640659480.3356898, 1640659573.2409449, 1640659667.0959585, 1640659756.4734716, 1640659844.5589087, 1640659920.2498481, 1640660010.2881536, 1640660102.2415605, 1640660196.577536, 1640660270.5194511, 1640660365.978967, 1640660461.8425248, 1640660547.4719193, 1640660636.4987338, 1640660729.4211328, 1640660819.288791, 1640660901.500506, 1640660973.6866505, 1640661057.1996617, 1640661133.8945246, 1640661215.741484, 1640661307.6142132, 1640661387.7508655, 1640661491.4601514, 1640661594.5779884, 1640661672.9103062, 1640661760.564649, 1640661826.2102337, 1640661918.4414535, 1640661976.633658, 1640662062.7231922, 1640662155.176272, 1640662229.9215796, 1640662303.8507717, 1640662367.4683406, 1640662434.080412, 1640662500.070481, 1640662553.753065, 1640662620.7521484, 1640662683.1074646, 1640662752.3594904, 1640662811.8051882, 1640662868.748703, 1640662934.8543332, 1640662988.0716777, 1640663052.5843549, 1640663131.497744, 1640663183.050014, 1640663237.4262643, 1640663293.128132, 1640663348.4736834, 1640663408.7390704, 1640663461.941427, 1640663517.9801354, 1640663578.427218, 1640663631.5371003, 1640663689.691342, 1640663762.8782492, 1640663824.1398733, 1640663887.8953655, 1640663956.9713848, 1640664028.9136617, 1640664094.7956715, 1640664151.9358141, 1640664210.6797051, 1640664265.9654424, 1640664327.9574666, 1640664385.8511896, 1640664439.943442, 1640664498.3575757, 1640664560.4447155, 1640664613.9090908, 1640664663.1466308, 1640664725.8920574, 1640664780.3419356, 1640664832.0570312, 1640664884.1114573, 1640664936.9621656, 1640664988.4575834, 1640665053.04631, 1640665107.4540849, 1640665169.9928927, 1640665233.768762, 1640665290.9314566, 1640665351.0540476, 1640665410.09556, 1640665463.9244828, 1640665516.8226936, 1640665579.3190608, 1640665649.8067486, 1640665700.9518938, 1640665752.98301, 1640665812.650153, 1640665872.4774506, 1640665935.2426841, 1640665988.4807463, 1640666047.3517578, 1640666100.0625982, 1640666162.0443923, 1640666211.5829475, 1640666258.0694392, 1640666316.9434597, 1640666369.0262785, 1640666428.5701349, 1640666482.4843385, 1640666544.2878375, 1640666595.7809467, 1640666648.4734402, 1640666716.4646652, 1640666771.1564934, 1640666828.2577355, 1640666880.5229006, 1640666942.0498757, 1640667016.6797607, 1640667071.230667, 1640667121.809182, 1640667173.6538224, 1640667227.4676657, 1640667281.5520394, 1640667333.1214476, 1640667389.496473, 1640667445.3586247, 1640667522.8814542, 1640667586.6875246, 1640667638.3219845, 1640667699.8818536, 1640667753.6342502, 1640667809.6835082, 1640667864.196888, 1640667915.6974382, 1640667980.4489064, 1640668034.3229997, 1640668106.596512, 1640668161.8756716, 1640668216.0366848, 1640668273.198246, 1640668326.9370425, 1640668377.738081, 1640668437.6180654, 1640668499.844184, 1640668555.8863018, 1640668606.226547, 1640668657.5320456, 1640668706.987394, 1640668758.0406446, 1640668811.4137547, 1640668861.5523603, 1640668926.2877052, 1640668981.5884845, 1640669038.1095018, 1640669095.6178954, 1640669150.1168833, 1640669205.7087722, 1640669252.251539, 1640669306.4402757, 1640669359.4425504, 1640669414.5714712, 1640669462.078746, 1640669516.024292, 1640669574.9571931, 1640669629.915502, 1640669682.8865445, 1640669735.5920272, 1640669788.5266547, 1640669839.5814645, 1640669892.113659, 1640669944.1396508, 1640669996.1129978, 1640670045.5424275, 1640670094.7896833, 1640670153.4222968, 1640670214.0317683, 1640670269.4355733, 1640670319.6125243, 1640670371.4875693, 1640670416.9728227, 1640670470.0429883, 1640670518.056444, 1640670573.3025358, 1640670623.2135377, 1640670676.8464155, 1640670730.3306189, 1640670788.424821, 1640670844.1199424, 1640670898.7085245, 1640670943.704051, 1640670994.297319, 1640671068.1471815, 1640671130.3926, 1640671191.6169782, 1640671242.472404, 1640671304.404093, 1640671354.571122, 1640671406.4174976], "episode_lengths": [981, 1124, 884, 764, 843, 919, 840, 850, 1037, 967, 824, 822, 783, 764, 962, 824, 1262, 880, 871, 944, 1009, 1210, 854, 820, 764, 918, 1060, 976, 1105, 937, 1041, 1060, 1009, 1204, 1355, 1048, 1250, 1535, 1172, 1427, 1403, 1350, 1208, 1172, 1211, 1414, 1258, 1147, 1179, 1251, 1442, 1557, 1416, 1185, 1647, 1521, 1761, 1352, 1969, 1736, 1628, 1345, 1510, 1960, 1753, 2688, 2349, 2786, 2184, 3175, 2114, 2571, 3153, 2912, 2446, 2580, 2908, 2335, 2962, 2698, 2707, 2944, 2874, 2740, 2639, 2102, 2454, 2891, 2786, 3101, 2506, 3101, 3680, 3366, 2933, 3119, 2902, 3168, 3468, 3598, 3358, 2823, 3587, 3209, 3343, 2751, 3097, 3175, 3209, 3000, 3120, 2682, 3191, 3252, 3107, 2656, 3416, 3401, 3035, 3054, 3256, 3241, 2958, 2594, 2979, 2680, 2831, 3182, 2777, 3590, 3474, 2813, 3136, 2346, 3292, 2064, 2993, 3205, 2589, 2561, 2206, 2304, 2198, 1934, 2413, 2244, 2488, 2136, 2047, 2304, 1847, 2231, 2730, 1781, 1877, 1922, 1911, 2025, 1915, 2015, 2178, 1907, 2093, 2629, 2136, 2212, 2393, 2486, 2284, 1975, 2034, 1912, 2124, 2082, 1935, 2103, 2232, 1920, 1769, 2257, 1950, 1829, 1866, 1882, 1830, 2290, 1931, 2213, 2211, 2064, 2167, 2124, 1935, 1900, 2248, 2524, 1833, 1861, 2131, 2150, 2250, 1904, 2109, 1880, 2171, 1781, 1671, 2117, 1871, 2146, 1937, 2206, 1849, 1893, 2431, 1955, 2044, 1868, 2204, 2665, 1896, 1825, 1868, 1938, 1946, 1852, 2026, 1930, 2686, 2212, 1784, 2134, 1864, 1941, 1880, 1780, 2204, 1936, 2608, 1989, 1946, 2061, 1942, 1826, 2153, 2233, 2010, 1790, 1823, 1760, 1811, 1886, 1780, 2266, 1994, 2033, 2069, 1959, 1969, 1609, 1871, 1839, 1913, 1646, 1872, 2051, 1903, 1828, 1826, 1821, 1792, 1896, 1877, 1857, 1774, 1765, 2106, 2175, 1993, 1805, 1855, 1622, 1885, 1716, 1950, 1765, 1889, 1842, 2095, 2004, 1966, 1611, 1808, 2565, 2171, 2129, 1774, 2154, 1753, 1798],