{"initial_reset_timestamp": 1640269480.0826325, "timestamps": [1640269534.7829216, 1640269583.306328, 1640269648.2463505, 1640269718.7935505, 1640269772.538344, 1640269821.0336628, 1640269877.6828513, 1640269931.1766617, 1640269989.762499, 1640270050.3243446, 1640270106.2096388, 1640270163.0623424, 1640270223.338077, 1640270287.853035, 1640270343.0893075, 1640270403.8656933, 1640270467.7555397, 1640270525.6493697, 1640270589.1638398, 1640270655.4058313, 1640270704.9245398, 1640270765.0716379, 1640270820.9708529, 1640270892.3845317, 1640270947.4073122, 1640271002.8818212, 1640271067.3944955, 1640271134.9558244, 1640271196.6099882, 1640271277.6483276, 1640271356.9001145, 1640271424.7163377, 1640271501.0564344, 1640271572.4799469, 1640271661.8419662, 1640271773.4796147, 1640271854.2601511, 1640271919.325254, 1640272006.6718266, 1640272102.1142027, 1640272200.7714827, 1640272291.3107855, 1640272402.4444153, 1640272465.8178062, 1640272549.043849, 1640272657.7798715, 1640272769.4064238, 1640272877.6496558, 1640272985.3907871, 1640273076.3995323, 1640273154.8527362, 1640273276.8175173, 1640273410.786302, 1640273538.938742, 1640273669.8261015, 1640273790.3264587, 1640273959.1082056, 1640274083.3463051, 1640274202.5967863, 1640274321.1657476, 1640274470.0857408, 1640274659.3237236, 1640274831.762374, 1640274968.78783, 1640275183.201131, 1640275322.131467, 1640275488.8152232, 1640275693.8081455, 1640275850.2163742, 1640276005.4047084, 1640276172.8831682, 1640276344.7997584, 1640276498.3778186, 1640276690.82764, 1640276882.081232, 1640277043.3973522, 1640277244.012296, 1640277432.2093542, 1640277634.437727, 1640277814.9222674, 1640278048.7351809, 1640278254.7674432, 1640278460.2522209, 1640278661.1694582, 1640278874.1276648, 1640279100.2481623, 1640279305.0995145, 1640279482.1645892, 1640279674.1592407, 1640279851.682378, 1640280047.2168217, 1640280261.6661692, 1640280432.5805776, 1640280667.401524, 1640280864.0829265, 1640281085.7999723, 1640281315.773232, 1640281518.2351663, 1640281692.2413409, 1640281874.9757755, 1640282044.908492, 1640282215.4121892, 1640282420.2719226, 1640282604.0075076, 1640282767.5138588, 1640282952.6698973, 1640283096.8300686, 1640283255.9343746, 1640283397.555888, 1640283529.8917248, 1640283701.5547922, 1640283874.2944336, 1640284038.1114085, 1640284162.4419577, 1640284299.1410244, 1640284452.9129183, 1640284608.138031, 1640284787.1211848, 1640284940.601125, 1640285074.120067, 1640285219.0633216, 1640285395.2261465, 1640285548.2968795, 1640285694.4013808, 1640285825.5036743, 1640285972.753467, 1640286120.921215, 1640286241.1440215, 1640286374.33376, 1640286499.8735678, 1640286688.129563, 1640286829.4314132, 1640286950.6785717, 1640287082.4147224, 1640287208.057237, 1640287364.368454, 1640287529.751507, 1640287672.4293737, 1640287825.326426, 1640287955.2123606, 1640288090.7919872, 1640288213.9517603, 1640288328.4119437, 1640288467.3968868, 1640288614.9450984, 1640288748.213037, 1640288867.5917344, 1640289002.756427, 1640289129.755483, 1640289269.1657455, 1640289419.7546248, 1640289564.5567977, 1640289688.1516576, 1640289812.7576735, 1640289960.4240499, 1640290076.2092202, 1640290236.007656, 1640290361.1676219, 1640290495.3005037, 1640290615.858067, 1640290750.7534366, 1640290885.80815, 1640291038.215994, 1640291161.5411685, 1640291293.1583865, 1640291426.94264, 1640291558.8952985, 1640291687.7628334, 1640291820.1121619, 1640291951.6460016, 1640292060.6391737, 1640292199.119047, 1640292307.7174568, 1640292466.106495, 1640292618.4942882, 1640292756.3351886, 1640292888.4305742, 1640293001.9203541, 1640293116.786065, 1640293260.2258196, 1640293386.137017, 1640293525.8743265, 1640293671.5113103, 1640293820.3093994, 1640293948.5693223, 1640294084.1653023, 1640294282.3338356, 1640294406.6370687, 1640294532.5276155, 1640294664.5157075, 1640294800.4809997, 1640294917.0129588, 1640295055.8296666, 1640295186.1131003, 1640295315.8286214, 1640295466.0925834, 1640295598.0517495, 1640295716.2231476, 1640295873.2944393, 1640296032.2020042, 1640296159.3021243, 1640296295.5691957, 1640296448.047757, 1640296561.1902494, 1640296702.2325387, 1640296858.0203316, 1640297000.2017157, 1640297134.820805, 1640297263.3023133, 1640297398.5979578, 1640297526.0499847, 1640297654.632126, 1640297819.817145, 1640297945.6940022, 1640298056.745383, 1640298187.2460086, 1640298312.8363256, 1640298453.2963583, 1640298573.9250379, 1640298707.6004465, 1640298836.02479, 1640298962.1626947, 1640299116.8043404, 1640299229.8087678, 1640299378.3372486, 1640299495.6256943, 1640299608.573306, 1640299738.95411, 1640299844.4843194, 1640299957.4442682, 1640300114.8860247, 1640300324.0449, 1640300491.9921844, 1640300610.874958, 1640300758.0052412, 1640300876.6842308, 1640301007.8356829, 1640301149.723402, 1640301282.52589, 1640301437.3653474, 1640301570.9922903, 1640301697.2194643, 1640301817.1069183, 1640301937.7845566, 1640302058.840876, 1640302178.8150876, 1640302301.646992, 1640302414.2412791, 1640302555.4324834, 1640302667.87951, 1640302795.5076852, 1640302910.3018885, 1640303067.472833, 1640303227.7858572, 1640303352.3720782, 1640303475.33574, 1640303596.6229014, 1640303718.7725472, 1640303844.6708004, 1640303963.2267854, 1640304104.1898527, 1640304225.2375271, 1640304372.092453, 1640304498.6044939, 1640304623.8755956, 1640304742.6677787, 1640304873.2340202, 1640304988.988943, 1640305117.5522144, 1640305242.9983244, 1640305379.776664, 1640305502.5078485, 1640305611.684351, 1640305739.8944085, 1640305858.7051504, 1640305990.411123, 1640306104.6464937, 1640306230.592203, 1640306362.2904468, 1640306479.0846412, 1640306602.7806559, 1640306724.1627061, 1640306848.6060224, 1640306975.3232706, 1640307092.0493312, 1640307217.1806931, 1640307364.7967722, 1640307487.1790414, 1640307607.0925903, 1640307729.09677, 1640307847.8702228, 1640307976.0328674, 1640308091.0026245, 1640308224.5187767, 1640308362.9339821, 1640308488.381953, 1640308639.1068866, 1640308785.4238272, 1640308908.3011582, 1640309027.7827802], "episode_lengths": [854, 764, 1032, 1120, 852, 764, 903, 853, 933, 963, 889, 906, 958, 1023, 880, 966, 1014, 919, 1009, 1053, 783, 930, 888, 1133, 872, 880, 1010, 1057, 963, 1265, 1231, 1056, 1209, 1132, 1406, 1766, 1275, 1017, 1376, 1498, 1548, 1425, 1746, 992, 1309, 1691, 1717, 1666, 1651, 1389, 1208, 1867, 2091, 2001, 2043, 1880, 2629, 1937, 1858, 1841, 2318, 2959, 2694, 2116, 3340, 2169, 2602, 3199, 2443, 2419, 2606, 2682, 2397, 3002, 2985, 2515, 3135, 2938, 3156, 2818, 3630, 3216, 3203, 3133, 3313, 3523, 3192, 2761, 2995, 2757, 3046, 3342, 2660, 3654, 3068, 3459, 3587, 3150, 2709, 2846, 2645, 2654, 3182, 2865, 2543, 2887, 2244, 2480, 2196, 2058, 2671, 2691, 2548, 1933, 2120, 2396, 2418, 2791, 2388, 2081, 2252, 2752, 2389, 2275, 2042, 2295, 2303, 1874, 2071, 1958, 2936, 2200, 1882, 2053, 1959, 2440, 2577, 2225, 2386, 2020, 2118, 1918, 1786, 2167, 2305, 2074, 1852, 2109, 1977, 2169, 2345, 2252, 1915, 1939, 2293, 1801, 2484, 1946, 2087, 1867, 2097, 2099, 2370, 1915, 2046, 2087, 2046, 2009, 2061, 2048, 1696, 2157, 1691, 2460, 2376, 2144, 2059, 1765, 1789, 2236, 1951, 2176, 2266, 2317, 1998, 2112, 3081, 1933, 1964, 2060, 2118, 1814, 2160, 2024, 2022, 2345, 2054, 1830, 2445, 2468, 1976, 2115, 2370, 1752, 2142, 2381, 2167, 2059, 1956, 2099, 1983, 1994, 2563, 1956, 1728, 2022, 1945, 2181, 1871, 2058, 1895, 1888, 2348, 1758, 2304, 1822, 1750, 2025, 1639, 1742, 2324, 3038, 2539, 1808, 2264, 1861, 2043, 2209, 2066, 2409, 2082, 1958, 1868, 1879, 1883, 1865, 1914, 1752, 2189, 1750, 1988, 1781, 2444, 2491, 1942, 1903, 1886, 1900, 1957, 1847, 2196, 1886, 2279, 1969, 1950, 1847, 2026, 1801, 2002, 1948, 2131, 1907, 1698, 1996, 1845, 2046, 1774, 1950, 2053, 1819, 1921, 1888, 1936, 1967, 1805, 1949, 2296, 1906, 1871, 1902, 1850, 1986, 1792, 2074, 2150, 1952, 2346, 2280, 1906, 1859],