{"initial_reset_timestamp": 1639778432.0694778, "timestamps": [1639778528.571761, 1639778626.515956, 1639778740.561204, 1639778865.5422258, 1639778977.1110458, 1639779069.0022788, 1639779161.115628, 1639779248.682959, 1639780264.4125178, 1639781212.875419, 1639783359.450048, 1639786232.031727, 1639788196.823776], "episode_lengths": [897, 882, 1020, 1122, 998, 824, 824, 783, 886, 974, 830, 940, 980], "episode_rewards": [-20.0, -21.0, -20.0, -19.0, -21.0, -21.0, -21.0, -21.0, -21.0, -21.0, -21.0, -21.0, -19.0], "episode_types": ["t", "t", "t", "t", "t", "t", "t", "t", "t", "t", "t", "t", "t", "t"]}