{"initial_reset_timestamp": 1640030161.5805204, "timestamps": [1640030201.863623, 1640030261.33658, 1640030292.5245059, 1640030334.539967, 1640030372.516969, 1640030414.4083724, 1640030444.3752427, 1640030478.770213, 1640030515.264187, 1640030551.625643, 1640030591.1522465, 1640030636.8081648, 1640030670.2460992, 1640030702.5280528, 1640030739.4687035, 1640030783.3921947, 1640030827.2572932, 1640030863.9262056, 1640030899.3582382, 1640030933.1306143, 1640030963.1166139, 1640030996.2858765, 1640031032.1036234, 1640031063.1736698, 1640031099.4543903, 1640031143.415759, 1640031184.3652282, 1640031219.7212992, 1640031257.749132, 1640031296.6061783, 1640031339.089736, 1640031370.2472131, 1640031410.838752, 1640031465.4496732, 1640031528.6920207, 1640031566.5403192, 1640031618.0532422, 1640031666.38212, 1640031707.229229, 1640031756.7901669, 1640031811.4586537, 1640031865.250782, 1640031917.5131254, 1640031970.5718517, 1640032020.1921372, 1640032073.8026588, 1640032126.6555426, 1640032192.3003643, 1640032278.0103874, 1640032324.2472067, 1640032397.996602, 1640032456.3751924, 1640032527.0941088, 1640032583.4574287, 1640032653.4760275, 1640032714.6969907, 1640032795.2169278, 1640032875.9954798, 1640032958.9291925, 1640033022.766607, 1640033111.178432, 1640033186.8392713, 1640033273.2590497, 1640033368.2793272, 1640033470.3427186, 1640033560.9975, 1640033662.3114817, 1640033752.7112164, 1640033884.0228631, 1640033991.4482577, 1640034096.0885012, 1640034213.119089, 1640034342.83447, 1640034451.2395372, 1640034561.027353, 1640034662.0895803, 1640034774.2895722, 1640034912.7331226, 1640035027.3495998, 1640035178.1901064, 1640035311.2984679, 1640035469.8887703, 1640035629.525727, 1640035746.5030413, 1640035889.9259088, 1640036031.2280717, 1640036188.1706018, 1640036356.1085324, 1640036487.1294868, 1640036609.4588332, 1640036763.8336911, 1640036867.2803962, 1640036981.650468, 1640037073.0904384, 1640037186.6139002, 1640037279.9426465, 1640037377.5692801, 1640037484.9300091, 1640037588.05511, 1640037665.3592625, 1640037754.601968, 1640037867.2930932, 1640037984.3756661, 1640038079.3313556, 1640038206.2983155, 1640038284.659858, 1640038390.4454901, 1640038486.2915435, 1640038620.091676, 1640038717.5322435, 1640038794.7358575, 1640038887.7851105, 1640038992.3635685, 1640039096.1218474, 1640039212.122368, 1640039333.0358322, 1640039428.1897516, 1640039538.5484312, 1640039637.8287766, 1640039770.536531, 1640039900.208259, 1640040033.4878426, 1640040192.4942505, 1640040333.5064769, 1640040464.7118776, 1640040589.3404477, 1640040675.1907072, 1640040784.2475536, 1640040893.8327367, 1640040987.5843027, 1640041108.824416, 1640041215.7829406, 1640041327.6362672, 1640041453.4334364, 1640041564.59283, 1640041699.401778, 1640041839.1087434, 1640041954.501507, 1640042059.8133554, 1640042159.6532435, 1640042287.3813283, 1640042390.3243926, 1640042505.4708464, 1640042596.7885463, 1640042726.31913, 1640042835.3329208, 1640042947.9822798, 1640043059.0350888, 1640043162.7654994, 1640043275.56996, 1640043378.8817003, 1640043480.182819, 1640043612.0521722, 1640043717.290826, 1640043843.8033125, 1640043958.8051627, 1640044067.3736005, 1640044154.6399744, 1640044269.7892523, 1640044390.8532386, 1640044507.3631074, 1640044640.8881083, 1640044760.2533247, 1640044861.1682332, 1640044959.0310848, 1640045073.1328835, 1640045164.8808885, 1640045254.5105748, 1640045355.7596347, 1640045465.428268, 1640045561.9085062, 1640045658.011846, 1640045765.6509411, 1640045871.6287715, 1640045964.3974488, 1640046044.7147274, 1640046143.3065667, 1640046239.449047, 1640046332.424257, 1640046420.0117176, 1640046525.3520901, 1640046635.9093964, 1640046755.1794336, 1640046854.808462, 1640046935.2675822, 1640047029.0642097, 1640047121.0315385, 1640047212.5969806, 1640047304.5868137, 1640047395.5304694, 1640047507.2014737, 1640047643.668035, 1640047745.68024, 1640047856.3971012, 1640047959.4803455, 1640048053.8186305, 1640048145.622699, 1640048250.4992814, 1640048352.3865113, 1640048464.391781, 1640048595.095533, 1640048702.037076, 1640048805.3999238, 1640048907.2744026, 1640048998.6379623, 1640049094.8477516, 1640049199.1048644, 1640049289.251056, 1640049401.770428, 1640049504.4073708, 1640049601.7724295, 1640049706.9972253, 1640049802.599259, 1640049890.9688544, 1640049994.6153915, 1640050099.263622, 1640050187.9955308, 1640050291.490681, 1640050385.6012118, 1640050485.9626415, 1640050574.246628, 1640050662.0480094, 1640050756.7171526, 1640050860.5508513, 1640050972.601135, 1640051066.8828661, 1640051167.0197504, 1640051262.797119, 1640051361.507477, 1640051462.928862, 1640051586.6766307, 1640051669.430818, 1640051766.8134487, 1640051856.9367344, 1640051952.805018, 1640052044.6087644, 1640052146.7246523, 1640052244.7174594, 1640052338.350183, 1640052444.8200977, 1640052533.5491638, 1640052645.8445082, 1640052747.696499, 1640052846.3789616, 1640052950.4942236, 1640053066.5346408, 1640053179.6504812, 1640053292.7549982, 1640053389.0609188, 1640053493.1437082, 1640053593.8091319, 1640053679.7753973, 1640053770.443544, 1640053866.6391425, 1640053974.8426292, 1640054079.0704167, 1640054167.8727005, 1640054261.207031, 1640054349.2034967, 1640054430.6484127, 1640054525.9034624, 1640054622.2888613, 1640054727.7319567, 1640054822.7807617, 1640054912.9289799, 1640055019.6032553, 1640055113.104818, 1640055213.2810557, 1640055300.9155421, 1640055401.232073, 1640055486.7202396, 1640055596.3501806, 1640055680.7622287, 1640055770.7344902, 1640055869.049461, 1640055965.4789178, 1640056060.9798093, 1640056152.325601, 1640056257.3182516, 1640056344.541625, 1640056436.037587, 1640056517.9247212, 1640056608.2890286, 1640056696.1641421, 1640056773.3598945, 1640056856.2149272, 1640056933.9297156, 1640057015.5895238, 1640057101.775519, 1640057187.393161, 1640057274.1941607, 1640057354.224734, 1640057459.8059986, 1640057558.445615, 1640057641.5189059, 1640057740.5028164, 1640057824.2680795, 1640057901.7954025, 1640057996.2321484, 1640058074.2988894], "episode_lengths": [915, 979, 824, 1109, 976, 1072, 764, 884, 937, 933, 1009, 1165, 852, 826, 944, 1123, 1121, 933, 902, 821, 764, 848, 913, 792, 926, 1122, 1046, 900, 970, 991, 1082, 792, 1018, 1400, 1628, 962, 1311, 1227, 1034, 1256, 1383, 1363, 1309, 1339, 1249, 1352, 1332, 1643, 2140, 1146, 1874, 1497, 1813, 1443, 1797, 1564, 2068, 2069, 2128, 1633, 2259, 1939, 2194, 2437, 2620, 2325, 2599, 2317, 3372, 2754, 2682, 2977, 3290, 2772, 2797, 2540, 2804, 3458, 2864, 3813, 3401, 4032, 4046, 2962, 3598, 3459, 3815, 4167, 3359, 3141, 3951, 2585, 2855, 2282, 2822, 2384, 2500, 2749, 2639, 1977, 2270, 2814, 2922, 2368, 3226, 2008, 2716, 2458, 3430, 2493, 1977, 2381, 2641, 2627, 2976, 3103, 2433, 2827, 2501, 3297, 3224, 3314, 3967, 3421, 3172, 3021, 2077, 2636, 2639, 2210, 2881, 2505, 2633, 3073, 2724, 3318, 3343, 2952, 2700, 2449, 3112, 2627, 2946, 2328, 3275, 2791, 2883, 2844, 2542, 2886, 2645, 2583, 3340, 2581, 3099, 2916, 2782, 2236, 2951, 3104, 2986, 3418, 3052, 2559, 2511, 2926, 2348, 2294, 2586, 2806, 2467, 2456, 2733, 2717, 2376, 2055, 2524, 2460, 2376, 2236, 2693, 2798, 3060, 2554, 2061, 2404, 2357, 2345, 2354, 2329, 2846, 3488, 2617, 2840, 2646, 2420, 2352, 2689, 2611, 2852, 3350, 2741, 2648, 2609, 2342, 2465, 2671, 2308, 2865, 2635, 2500, 2701, 2452, 2266, 2652, 2676, 2268, 2631, 2413, 2572, 2260, 2246, 2422, 2657, 2867, 2407, 2533, 2456, 2534, 2603, 3173, 2115, 2489, 2305, 2450, 2347, 2592, 2507, 2399, 2731, 2277, 2873, 2607, 2528, 2662, 2950, 2899, 2901, 2472, 2671, 2572, 2200, 2319, 2461, 2751, 2670, 2271, 2389, 2254, 2085, 2439, 2466, 2690, 2415, 2312, 2740, 2397, 2573, 2249, 2569, 2189, 2810, 2081, 2284, 2522, 2479, 2451, 2344, 2694, 2241, 2348, 2096, 2316, 2237, 1977, 2124, 1991, 2093, 2207, 2195, 2230, 2045, 2705, 2503, 2134, 2539, 2154, 1990, 2420, 2003],