{"initial_reset_timestamp": 1639844040.4417706, "timestamps": [1639844085.6940427, 1639844121.681296, 1639844154.5423486, 1639844183.3902667, 1639844222.7396288, 1639844256.9753864, 1639844297.401235, 1639844328.0816205, 1639844362.466395, 1639844404.2548048, 1639844434.922283, 1639844466.3041384, 1639844504.3730485, 1639844534.1767454, 1639844563.0119379, 1639844601.7758048, 1639844631.3798826, 1639844669.323989, 1639844697.8004642, 1639844732.2390788, 1639844770.7882583, 1639844800.7323427, 1639844835.782688, 1639844865.5802681, 1639844897.1235344, 1639844926.0637724, 1639844961.2034197, 1639844992.788046, 1639845023.8088005, 1639845057.1641355, 1639845092.6232677, 1639845122.93235, 1639845151.6859405, 1639845182.4689918, 1639845213.564819, 1639845248.8202605, 1639845279.3999894, 1639845310.6589456, 1639845343.1208513, 1639845374.645381, 1639845404.3051143, 1639845433.2581613, 1639845464.763696, 1639845499.246721, 1639845528.9018102, 1639845560.5951343, 1639845593.3901207, 1639845627.0361133, 1639845666.825485, 1639845696.5635953, 1639845728.9799156, 1639845760.5033824, 1639845800.0985668, 1639845828.429468, 1639845858.2134187, 1639845887.960576, 1639845919.4150648, 1639845950.6668134, 1639845984.4490387, 1639846015.3503177, 1639846046.8046224, 1639846082.9924989, 1639846119.9061348, 1639846156.6796725, 1639846187.7366328, 1639846219.7071843, 1639846251.6896803, 1639846284.4347684, 1639846314.127607, 1639846344.2451777, 1639846376.3947144, 1639846408.0613, 1639846441.253852, 1639846472.375059, 1639846505.1366181, 1639846534.9047656, 1639846566.9068484, 1639846597.2923248, 1639846625.9181192, 1639846658.5564587, 1639846689.3663042, 1639846719.877133, 1639848181.370837, 1639848212.072191, 1639848243.2571762, 1639848272.3662355, 1639848305.778545, 1639848334.8949516, 1639848782.9791644, 1639848812.0518975, 1639848841.078527, 1639848872.7415748, 1639848903.2940464, 1639848938.1119256, 1639848969.969093, 1639849000.7901926, 1639849029.8767028, 1639849061.21809, 1639849091.4544911, 1639849125.1874707, 1639849158.0922153, 1639849188.661094, 1639849226.0640187, 1639849260.310891, 1639849295.6592484, 1639849328.0998836, 1639849361.5374508, 1639849401.2948918, 1639849431.696765, 1639849465.2331634, 1639849495.6647465, 1639849531.955919, 1639850764.4732997, 1639850814.3634264, 1639850850.8062584, 1639850884.0892773, 1639850911.78602, 1639850939.3769517, 1639850969.7996306, 1639850997.6452854, 1639851025.3905926, 1639851053.208364, 1639851083.121099, 1639851113.7572658, 1639851141.624717, 1639851173.7522507, 1639851211.0713162, 1639851240.6751976, 1639851275.226609, 1639851305.8117812, 1639851337.3822622, 1639851370.0069544, 1639851397.6942902, 1639851429.2330594, 1639851457.6324112, 1639851488.0465152, 1639851520.0297244, 1639851552.0500941, 1639851591.779817, 1639851621.2834332, 1639851660.8544128, 1639851699.825115, 1639851737.5090587, 1639851778.5634387, 1639851819.430169, 1639853008.7960925, 1639853067.954626, 1639853108.6930091, 1639853157.1952043], "episode_lengths": [1271, 1040, 898, 792, 1064, 940, 1111, 844, 947, 1147, 843, 858, 1026, 861, 811, 1085, 824, 1062, 794, 960, 1075, 830, 969, 826, 872, 792, 932, 855, 843, 904, 960, 826, 783, 842, 842, 962, 826, 843, 866, 842, 792, 783, 884, 852, 842, 878, 915, 931, 1102, 824, 898, 871, 1092, 783, 821, 782, 852, 852, 899, 824, 845, 974, 998, 989, 838, 853, 824, 852, 783, 792, 838, 824, 852, 843, 904, 826, 886, 842, 792, 903, 853, 842, 854, 825, 838, 783, 900, 783, 852, 782, 783, 853, 824, 930, 852, 824, 783, 837, 811, 902, 869, 782, 964, 898, 921, 842, 871, 1032, 792, 870, 793, 946, 793, 1381, 1008, 918, 764, 764, 842, 764, 764, 764, 824, 844, 764, 884, 1030, 792, 948, 842, 870, 899, 764, 871, 783, 840, 886, 884, 1093, 811, 1088, 1078, 1038, 1131, 1127, 1069, 1503, 1046, 1247], "episode_rewards": [-18.0, -20.0, -20.0, -21.0, -20.0, -21.0, -20.0, -21.0, -20.0, -20.0, -20.0, -21.0, -20.0, -20.0, -21.0, -19.0, -21.0, -20.0, -21.0, -20.0, -18.0, -21.0, -21.0, -21.0, -21.0, -21.0, -20.0, -21.0, -20.0, -20.0, -20.0, -21.0, -21.0, -20.0, -20.0, -20.0, -21.0, -20.0, -20.0, -20.0, -21.0, -21.0, -21.0, -21.0, -20.0, -20.0, -19.0, -20.0, -18.0, -21.0, -20.0, -21.0, -20.0, -21.0, -21.0, -21.0, -21.0, -21.0, -21.0, -21.0, -21.0, -21.0, -19.0, -21.0, -20.0, -21.0, -21.0, -21.0, -21.0, -21.0, -20.0, -21.0, -21.0, -20.0, -20.0, -21.0, -21.0, -20.0, -21.0, -20.0, -21.0, -20.0, -21.0, -21.0, -20.0, -21.0, -21.0, -21.0, -21.0, -21.0, -21.0, -21.0, -21.0, -20.0, -21.0, -21.0, -21.0, -20.0, -21.0, -20.0, -21.0, -21.0, -21.0, -20.0, -20.0, -21.0, -20.0, -19.0, -21.0, -20.0, -21.0, -21.0, -21.0, -19.0, -21.0, -20.0, -21.0, -21.0, -20.0, -21.0, -21.0, -21.0, -21.0, -20.0, -21.0, -21.0, -18.0, -21.0, -19.0, -20.0, -20.0, -20.0, -21.0, -20.0, -21.0, -21.0, -21.0, -21.0, -20.0, -21.0, -20.0, -21.0, -19.0, -18.0, -20.0, -19.0, -15.0, -20.0, -18.0], "episode_types": ["t", "t", "t", "t", "t", "t", "t", "t", "t", "t", "t", "t", "t", "t", "t", "t", "t", "t", "t", "t", "t", "t", "t", "t", "t", "t", "t", "t", "t", "t", "t", "t", "t", "t", "t", "t", "t", "t", "t", "t", "t", "t", "t", "t", "t", "t", "t", "t", "t", "t", "t", "t", "t", "t", "t", "t", "t", "t", "t", "t", "t", "t", "t", "t", "t", "t", "t", "t", "t", "t", "t", "t", "t", "t", "t", "t", "t", "t", "t", "t", "t", "t", "t", "t", "t", "t", "t", "t", "t", "t", "t", "t", "t", "t", "t", "t", "t", "t", "t", "t", "t", "t", "t", "t", "t", "t", "t", "t", "t", "t", "t", "t", "t", "t", "t", "t", "t", "t", "t", "t", "t", "t", "t", "t", "t", "t", "t", "t", "t", "t", "t", "t", "t", "t", "t", "t", "t", "t", "t", "t", "t", "t", "t", "t", "t", "t", "t", "t", "t", "t"]}